CustomerID,Gender,Age,Annual Income (k$),Spending Score (1-100)
1,Male,68,127,17
2,Female,57,44,65
3,Male,24,142,9
4,Male,49,92,13
5,Male,65,69,100
6,Female,36,63,58
7,Male,23,48,30
8,Male,37,119,31
9,Male,44,36,23
10,Female,60,45,63
11,Male,54,149,28
12,Male,65,119,59
13,Male,24,30,10
14,Male,22,34,89
15,Female,28,57,100
16,Male,32,61,90
17,Female,20,128,26
18,Female,22,33,77
19,Female,40,62,17
20,Male,54,59,40
21,Female,26,101,68
22,Male,32,29,23
23,Female,20,124,35
24,Female,46,110,75
25,Female,23,116,76
26,Female,34,100,9
27,Female,43,95,79
28,Female,38,65,45
29,Female,25,126,37
30,Female,38,29,69
31,Male,28,79,19
32,Male,55,102,75
33,Female,25,90,73
34,Female,59,24,99
35,Female,41,56,27
36,Male,52,109,13
37,Female,31,25,57
38,Male,31,132,60
39,Male,27,139,12
40,Male,29,92,9
41,Male,55,104,92
42,Male,61,22,77
43,Female,63,125,84
44,Female,51,72,77
45,Female,58,100,27
46,Female,27,69,90
47,Female,34,136,63
48,Male,34,122,93
49,Female,20,62,29
50,Female,48,146,22
51,Male,68,143,73
52,Female,18,61,88
53,Male,29,19,19
54,Female,56,38,38
55,Male,21,32,95
56,Female,59,98,39
57,Female,30,19,15
58,Male,51,44,54
59,Male,59,15,32
60,Male,38,100,46
61,Male,39,96,61
62,Male,21,83,93
63,Male,35,45,52
64,Male,22,105,34
65,Male,36,107,73
66,Female,19,141,35
67,Female,29,30,70
68,Male,34,68,37
69,Female,27,34,78
70,Female,51,96,61
71,Female,23,123,49
72,Female,25,127,9
73,Male,68,31,19
74,Female,28,140,87
75,Male,29,17,28
76,Female,26,31,80
77,Female,19,64,26
78,Female,25,136,38
79,Male,28,104,40
80,Female,53,101,25
81,Male,27,20,99
82,Female,38,69,69
83,Male,37,116,71
84,Female,65,43,23
85,Male,25,125,89
86,Male,53,24,65
87,Female,46,105,22
88,Male,59,43,64
89,Female,29,59,68
90,Female,31,65,58
91,Female,65,115,28
92,Female,67,142,78
93,Female,38,25,97
94,Female,39,96,68
95,Female,38,142,75
96,Female,61,20,96
97,Female,67,81,4
98,Female,47,76,1
99,Female,56,147,26
100,Male,37,42,33
101,Male,41,52,81
102,Female,40,57,27
103,Female,24,131,42
104,Female,26,60,69
105,Female,18,63,71
106,Female,43,53,64
107,Female,55,85,25
108,Female,55,141,72
109,Female,61,15,98
110,Male,39,83,4
111,Female,61,44,12
112,Male,27,129,58
113,Female,23,22,95
114,Female,34,127,11
115,Male,68,33,59
116,Female,67,73,36
117,Male,55,93,22
118,Female,41,50,65
119,Female,68,69,50
120,Male,27,58,4
121,Female,25,91,100
122,Male,38,92,72
123,Female,23,115,89
124,Male,38,44,92
125,Male,56,53,52
126,Female,41,27,100
127,Female,50,136,100
128,Male,35,126,43
129,Female,45,59,46
130,Female,69,133,4
131,Female,49,49,13
132,Male,29,21,38
133,Male,65,124,45
134,Male,59,128,25
135,Male,44,65,67
136,Male,27,60,55
137,Male,63,34,96
138,Male,69,110,39
139,Male,59,52,65
140,Male,49,118,75
141,Female,59,46,2
142,Male,43,72,69
143,Female,42,96,86
144,Female,28,64,62
145,Female,40,66,46
146,Male,51,100,77
147,Male,69,129,87
148,Male,57,67,31
149,Male,40,80,99
150,Female,46,131,35
151,Male,48,57,45
152,Male,24,96,77
153,Male,57,78,54
154,Male,50,127,71
155,Male,38,149,69
156,Female,19,68,29
157,Male,35,79,72
158,Female,64,16,8
159,Male,50,146,54
160,Female,54,92,7
161,Male,51,46,83
162,Male,37,114,23
163,Female,52,144,100
164,Female,68,118,32
165,Female,67,103,62
166,Male,35,63,45
167,Female,63,101,68
168,Male,41,22,30
169,Male,25,115,39
170,Female,47,30,5
171,Female,61,54,67
172,Male,27,120,22
173,Male,40,41,28
174,Female,69,118,22
175,Female,66,119,86
176,Female,28,49,98
177,Male,19,127,29
178,Male,43,66,43
179,Male,53,67,42
180,Male,50,105,60
181,Male,64,95,77
182,Male,30,118,71
183,Female,57,80,74
184,Male,42,127,92
185,Male,21,45,68
186,Male,59,75,59
187,Female,36,115,96
188,Male,35,119,86
189,Male,54,112,84
190,Female,47,48,84
191,Male,36,73,6
192,Male,40,17,73
193,Male,33,31,28
194,Male,18,92,77
195,Male,29,60,31
196,Female,41,49,39
197,Female,51,143,50
198,Female,25,126,78
199,Male,35,146,86
200,Male,65,75,37
201,Male,22,111,88
202,Female,43,104,72
203,Male,47,73,15
204,Male,30,32,51
205,Female,36,109,70
206,Male,46,30,23
207,Female,20,24,25
208,Female,43,118,95
209,Female,57,90,46
210,Male,29,30,93
211,Male,19,26,23
212,Male,28,89,10
213,Male,61,143,73
214,Male,45,41,77
215,Male,35,26,32
216,Male,30,44,51
217,Female,54,23,41
218,Male,39,67,65
219,Female,29,68,65
220,Male,19,63,40
221,Male,54,18,18
222,Male,24,93,36
223,Female,43,105,31
224,Female,43,93,54
225,Female,41,117,63
226,Female,29,125,1
227,Male,33,72,52
228,Female,40,96,100
229,Male,57,146,57
230,Male,26,36,9
231,Female,49,145,86
232,Female,32,93,92
233,Female,54,113,90
234,Female,30,52,74
235,Female,22,131,56
236,Female,28,40,47
237,Female,27,64,3
238,Female,69,52,2
239,Male,30,56,54
240,Female,58,51,37
241,Female,63,63,56
242,Male,67,60,31
243,Female,32,43,97
244,Male,59,26,96
245,Male,24,130,12
246,Female,57,96,58
247,Male,45,58,67
248,Male,49,16,26
249,Male,52,31,78
250,Male,32,32,12
251,Female,65,36,90
252,Male,53,97,16
253,Female,38,72,53
254,Male,23,67,72
255,Male,18,15,49
256,Male,21,75,49
257,Male,28,45,92
258,Female,61,80,7
259,Female,43,67,15
260,Male,54,109,36
261,Male,40,37,72
262,Female,46,145,74
263,Male,38,101,15
264,Male,65,139,62
265,Male,62,123,18
266,Female,62,54,46
267,Female,66,135,61
268,Female,44,53,43
269,Male,56,134,44
270,Male,57,32,99
271,Female,30,51,66
272,Female,40,19,55
273,Female,33,87,86
274,Female,47,149,79
275,Male,21,55,39
276,Female,57,24,100
277,Male,33,82,5
278,Female,48,38,57
279,Male,59,92,15
280,Female,42,123,91
281,Female,61,38,16
282,Female,29,21,57
283,Female,43,87,100
284,Male,54,121,82
285,Female,65,113,99
286,Male,50,136,25
287,Male,45,26,22
288,Male,26,99,31
289,Male,29,17,34
290,Female,22,93,87
291,Male,69,99,16
292,Male,45,24,70
293,Male,52,47,59
294,Female,22,60,15
295,Female,51,73,82
296,Female,63,66,13
297,Female,51,20,24
298,Male,30,144,13
299,Male,56,43,65
300,Female,59,133,36
301,Male,62,111,49
302,Male,65,82,82
303,Male,31,74,48
304,Female,28,138,97
305,Female,59,98,43
306,Male,55,55,6
307,Female,21,127,81
308,Female,50,79,68
309,Female,24,93,14
310,Female,58,77,30
311,Female,25,132,84
312,Male,54,51,8
313,Female,68,78,54
314,Male,27,100,66
315,Male,60,147,4
316,Female,32,48,74
317,Male,55,53,84
318,Male,32,81,60
319,Male,22,76,53
320,Female,46,102,99
321,Female,36,145,74
322,Male,68,123,92
323,Female,27,103,15
324,Female,29,81,100
325,Female,21,93,1
326,Female,48,43,22
327,Male,35,88,91
328,Male,33,46,93
329,Female,57,101,15
330,Female,53,53,74
331,Male,42,115,84
332,Male,40,82,22
333,Female,29,42,50
334,Male,51,28,48
335,Female,53,91,73
336,Female,54,130,51
337,Male,20,42,96
338,Male,26,103,17
339,Female,35,46,83
340,Female,60,109,91
341,Male,52,31,51
342,Female,51,131,37
343,Male,58,91,98
344,Female,31,69,49
345,Male,21,24,59
346,Male,46,94,10
347,Male,58,148,30
348,Female,62,130,85
349,Female,67,93,21
350,Male,32,74,34
351,Female,45,56,73
352,Male,59,130,98
353,Male,33,123,50
354,Female,29,85,76
355,Female,69,116,47
356,Male,22,27,85
357,Female,51,29,84
358,Female,59,50,6
359,Male,18,29,50
360,Male,56,131,100
361,Female,49,89,63
362,Male,43,70,12
363,Male,34,109,41
364,Female,65,146,31
365,Male,44,66,2
366,Male,41,98,16
367,Female,52,43,1
368,Female,63,67,4
369,Male,59,35,47
370,Male,56,126,65
371,Female,43,90,52
372,Female,66,44,47
373,Female,55,139,99
374,Female,40,65,77
375,Male,39,92,50
376,Female,21,36,45
377,Female,66,78,42
378,Male,26,35,95
379,Female,21,143,84
380,Male,24,121,56
381,Female,40,130,71
382,Female,19,138,57
383,Female,66,50,33
384,Male,41,61,28
385,Male,57,46,44
386,Female,48,68,56
387,Male,64,37,44
388,Male,48,16,84
389,Male,64,124,96
390,Male,57,138,73
391,Male,65,81,34
392,Male,68,85,14
393,Female,60,43,68
394,Female,51,133,29
395,Male,41,127,79
396,Female,66,59,17
397,Female,43,30,83
398,Female,33,45,9
399,Female,64,64,27
400,Male,30,136,49
401,Female,32,29,79
402,Female,44,63,37
403,Male,21,24,28
404,Male,33,34,50
405,Female,47,84,55
406,Female,61,22,4
407,Female,47,48,85
408,Female,53,18,98
409,Female,20,122,19
410,Female,39,38,37
411,Male,66,69,4
412,Female,39,40,37
413,Female,67,39,51
414,Male,67,50,32
415,Male,66,85,45
416,Male,29,26,12
417,Male,38,143,41
418,Female,21,130,56
419,Female,48,147,80
420,Female,61,97,14
421,Female,48,20,54
422,Female,40,40,63
423,Female,37,127,65
424,Male,32,117,58
425,Female,40,134,96
426,Male,45,23,21
427,Male,33,59,4
428,Female,54,28,73
429,Male,38,126,46
430,Female,32,69,86
431,Male,34,29,12
432,Female,67,51,30
433,Male,54,141,94
434,Female,30,131,96
435,Female,36,98,60
436,Female,47,86,100
437,Female,62,110,71
438,Female,35,125,81
439,Male,31,119,65
440,Male,53,72,14
441,Male,53,109,44
442,Female,37,132,26
443,Male,69,20,91
444,Female,36,18,16
445,Female,62,57,7
446,Male,61,107,32
447,Male,24,56,89
448,Female,61,17,95
449,Male,21,143,16
450,Female,51,29,78
451,Female,19,61,89
452,Female,22,99,62
453,Female,27,72,30
454,Female,49,53,71
455,Male,59,145,12
456,Male,58,49,67
457,Female,30,66,91
458,Female,56,132,46
459,Male,22,28,83
460,Male,27,44,43
461,Female,27,104,55
462,Male,55,149,45
463,Female,44,109,60
464,Male,68,83,71
465,Female,38,141,80
466,Male,25,66,32
467,Female,18,77,8
468,Male,45,50,77
469,Male,66,105,62
470,Female,56,67,75
471,Male,31,123,20
472,Female,38,86,18
473,Male,47,29,6
474,Female,38,127,84
475,Male,66,83,96
476,Female,26,130,29
477,Male,34,18,4
478,Female,22,89,71
479,Male,48,56,43
480,Female,69,44,84
481,Female,57,84,34
482,Female,55,30,100
483,Male,60,125,71
484,Female,36,118,33
485,Male,53,121,15
486,Female,67,137,96
487,Male,50,41,86
488,Female,30,27,40
489,Male,31,87,93
490,Male,50,100,89
491,Female,46,45,5
492,Male,60,17,78
493,Male,66,44,50
494,Female,53,113,99
495,Male,61,148,66
496,Male,27,113,89
497,Male,48,100,54
498,Female,23,78,80
499,Male,18,132,46
500,Female,24,128,80
501,Male,44,101,11
502,Male,38,54,49
503,Male,45,39,99
504,Female,33,109,23
505,Male,63,60,55
506,Male,40,46,5
507,Female,69,111,64
508,Male,37,30,35
509,Female,55,32,93
510,Female,42,89,69
511,Male,45,15,54
512,Female,22,139,3
513,Male,38,52,6
514,Female,35,59,87
515,Female,64,95,56
516,Male,23,143,2
517,Female,46,46,82
518,Female,36,132,94
519,Female,50,54,38
520,Female,18,88,56
521,Female,62,125,5
522,Male,20,117,46
523,Female,59,117,11
524,Male,38,88,65
525,Female,52,128,10
526,Male,58,137,41
527,Male,57,71,44
528,Female,20,88,90
529,Female,42,97,33
530,Female,62,93,91
531,Male,55,144,56
532,Female,62,107,12
533,Male,37,64,2
534,Male,69,43,1
535,Male,61,95,65
536,Female,62,24,33
537,Female,51,131,86
538,Male,38,74,76
539,Male,65,74,36
540,Female,40,72,21
541,Male,23,59,84
542,Female,68,138,36
543,Male,30,40,26
544,Female,66,116,47
545,Male,40,65,95
546,Female,26,66,1
547,Male,34,65,38
548,Female,19,145,14
549,Female,36,28,90
550,Male,36,15,46
551,Male,24,28,42
552,Female,59,95,7
553,Male,59,17,55
554,Female,37,112,56
555,Male,26,54,76
556,Female,34,103,63
557,Female,44,139,24
558,Female,64,109,83
559,Female,19,23,73
560,Female,53,108,99
561,Female,36,98,4
562,Male,34,35,42
563,Male,22,39,96
564,Male,56,116,70
565,Female,35,136,28
566,Female,24,39,92
567,Female,34,117,40
568,Female,56,71,51
569,Male,53,51,29
570,Male,57,30,42
571,Female,62,51,69
572,Male,21,90,5
573,Male,55,40,41
574,Female,42,34,61
575,Male,22,117,55
576,Female,47,43,28
577,Male,29,45,41
578,Female,21,33,9
579,Female,41,41,29
580,Female,46,108,78
581,Female,26,99,38
582,Male,21,58,62
583,Female,68,127,54
584,Female,41,88,52
585,Female,31,101,34
586,Male,22,108,37
587,Female,35,112,49
588,Male,59,146,42
589,Female,36,70,14
590,Male,29,111,82
591,Male,35,112,33
592,Female,34,48,98
593,Male,47,114,92
594,Female,41,28,100
595,Female,28,126,87
596,Female,52,89,17
597,Male,40,111,75
598,Male,34,135,32
599,Female,18,69,79
600,Female,32,131,68
601,Male,49,107,39
602,Female,26,51,94
603,Female,32,40,10
604,Female,45,81,87
605,Male,41,98,24
606,Male,52,32,100
607,Male,39,41,58
608,Female,44,45,69
609,Female,36,120,64
610,Female,62,143,19
611,Male,29,20,8
612,Female,37,25,71
613,Female,18,32,40
614,Female,38,35,13
615,Female,66,33,27
616,Male,62,18,82
617,Male,18,91,88
618,Female,27,130,2
619,Male,64,39,16
620,Male,49,91,14
621,Female,56,63,17
622,Female,39,79,60
623,Male,35,97,70
624,Female,65,15,99
625,Male,63,95,17
626,Female,49,35,45
627,Male,44,100,38
628,Female,45,29,64
629,Male,35,64,6
630,Male,56,62,60
631,Male,66,63,49
632,Female,46,122,21
633,Male,35,59,99
634,Male,61,46,23
635,Female,25,146,76
636,Female,48,111,57
637,Male,51,94,64
638,Male,24,68,29
639,Female,53,141,27
640,Female,35,148,6
641,Female,55,80,21
642,Female,26,123,71
643,Female,26,37,41
644,Male,63,121,80
645,Female,25,65,5
646,Male,68,86,15
647,Male,52,117,21
648,Male,35,94,58
649,Female,22,32,4
650,Male,31,95,69
651,Male,45,121,7
652,Female,47,83,35
653,Male,21,94,36
654,Male,56,56,15
655,Female,37,48,92
656,Male,42,62,2
657,Male,45,19,57
658,Male,29,130,5
659,Female,19,131,71
660,Female,60,122,86
661,Female,31,37,95
662,Male,39,76,32
663,Male,48,27,72
664,Female,40,34,41
665,Male,65,106,42
666,Male,37,122,75
667,Female,55,122,65
668,Female,21,47,40
669,Male,32,78,83
670,Male,41,44,38
671,Male,42,122,42
672,Female,18,87,37
673,Female,24,123,56
674,Female,48,114,71
675,Female,29,28,55
676,Male,59,33,89
677,Female,22,85,54
678,Female,61,73,22
679,Female,67,111,27
680,Female,59,58,47
681,Female,55,125,38
682,Male,29,25,39
683,Male,56,120,15
684,Female,35,16,66
685,Male,19,139,61
686,Female,27,108,60
687,Female,32,107,8
688,Male,47,18,44
689,Male,61,77,43
690,Female,34,43,6
691,Female,21,33,84
692,Female,24,105,27
693,Male,58,43,45
694,Female,48,130,23
695,Female,68,84,81
696,Female,56,137,13
697,Male,51,37,68
698,Female,23,60,84
699,Female,67,22,64
700,Male,55,80,25
701,Female,62,114,86
702,Female,68,75,52
703,Male,51,126,48
704,Female,61,66,61
705,Male,32,50,17
706,Male,31,126,40
707,Female,23,101,75
708,Female,67,99,89
709,Female,54,27,69
710,Female,67,61,85
711,Male,49,104,26
712,Female,20,36,80
713,Male,20,72,56
714,Female,39,44,40
715,Female,39,120,85
716,Female,27,88,96
717,Male,68,108,68
718,Female,20,85,8
719,Female,29,21,73
720,Female,46,79,45
721,Female,65,60,17
722,Male,34,32,41
723,Female,24,22,77
724,Male,30,88,9
725,Male,19,116,70
726,Male,21,93,91
727,Male,27,93,24
728,Male,56,135,73
729,Male,41,77,11
730,Female,34,54,35
731,Male,69,98,29
732,Male,23,29,8
733,Male,36,113,17
734,Female,22,148,71
735,Female,49,135,12
736,Male,27,77,79
737,Female,26,142,93
738,Male,44,126,50
739,Male,30,125,24
740,Female,36,46,37
741,Male,38,59,78
742,Female,41,136,11
743,Female,55,96,99
744,Male,21,27,81
745,Male,41,38,59
746,Female,52,28,55
747,Male,20,84,27
748,Male,21,76,67
749,Male,54,134,60
750,Female,57,103,2
751,Female,65,15,68
752,Male,52,140,18
753,Female,48,46,20
754,Female,61,46,85
755,Female,42,70,63
756,Female,57,105,78
757,Female,30,18,72
758,Male,21,37,2
759,Male,63,43,90
760,Male,31,112,83
761,Female,30,44,42
762,Female,44,104,28
763,Male,23,81,29
764,Female,34,115,69
765,Male,53,72,28
766,Male,57,39,60
767,Male,66,37,90
768,Female,52,143,5
769,Female,34,111,15
770,Male,58,142,73
771,Male,19,95,32
772,Male,30,18,52
773,Male,69,149,90
774,Female,19,60,37
775,Female,69,23,15
776,Male,45,47,41
777,Male,60,98,4
778,Female,43,146,53
779,Female,39,79,100
780,Male,64,120,84
781,Male,60,48,27
782,Male,20,99,21
783,Female,52,102,60
784,Female,29,69,86
785,Female,41,31,64
786,Male,22,145,71
787,Male,37,18,47
788,Female,56,21,54
789,Female,56,40,31
790,Male,30,38,17
791,Female,58,24,50
792,Female,62,27,7
793,Male,29,139,83
794,Female,30,53,28
795,Male,27,33,10
796,Male,50,90,27
797,Male,57,66,13
798,Male,33,134,66
799,Male,62,60,86
800,Male,52,89,84
801,Male,20,138,60
802,Female,22,62,43
803,Male,43,76,69
804,Male,28,72,63
805,Female,24,32,70
806,Female,27,122,99
807,Female,59,62,65
808,Male,69,77,99
809,Female,51,26,67
810,Male,20,48,54
811,Male,25,116,36
812,Male,48,101,71
813,Male,28,39,93
814,Female,62,146,15
815,Female,24,63,75
816,Male,62,92,18
817,Male,19,69,4
818,Male,23,32,88
819,Female,58,49,11
820,Male,49,21,6
821,Male,37,27,51
822,Female,51,140,58
823,Female,67,126,60
824,Male,33,83,18
825,Female,42,114,79
826,Female,29,104,67
827,Male,24,56,17
828,Female,56,123,97
829,Male,34,124,34
830,Female,62,40,30
831,Male,28,90,19
832,Male,23,46,9
833,Male,40,105,40
834,Female,44,139,44
835,Male,63,140,95
836,Female,23,66,59
837,Male,55,117,91
838,Male,19,119,25
839,Female,39,28,71
840,Male,37,118,53
841,Male,42,131,48
842,Female,32,62,71
843,Male,66,107,84
844,Male,46,124,53
845,Male,25,67,49
846,Male,54,17,43
847,Female,66,82,100
848,Female,69,147,19
849,Male,50,66,66
850,Female,39,110,34
851,Male,67,45,81
852,Female,64,80,88
853,Male,22,105,73
854,Male,56,83,54
855,Male,35,101,1
856,Male,55,47,92
857,Male,54,82,55
858,Male,47,102,15
859,Female,68,109,85
860,Male,48,122,15
861,Female,27,67,23
862,Male,32,88,66
863,Female,59,63,46
864,Female,65,127,100
865,Female,61,128,9
866,Male,35,109,66
867,Male,40,39,66
868,Female,50,146,18
869,Male,33,122,17
870,Female,55,83,72
871,Male,52,98,98
872,Female,51,99,34
873,Female,45,133,69
874,Male,19,86,64
875,Female,47,34,44
876,Male,30,41,29
877,Female,58,22,62
878,Female,33,99,92
879,Male,22,75,16
880,Male,45,17,78
881,Male,56,21,52
882,Female,62,18,2
883,Male,37,147,61
884,Female,41,139,4
885,Female,44,29,52
886,Male,47,27,41
887,Male,62,132,52
888,Female,44,21,31
889,Female,43,118,26
890,Male,24,20,27
891,Male,59,78,51
892,Male,64,44,98
893,Male,55,36,95
894,Male,22,132,48
895,Female,40,98,11
896,Female,45,147,8
897,Female,51,104,12
898,Female,32,135,99
899,Male,49,120,45
900,Male,43,83,34
901,Male,65,109,77
902,Female,48,91,91
903,Female,36,15,72
904,Male,26,76,47
905,Male,46,32,21
906,Female,68,62,41
907,Female,56,15,75
908,Male,21,121,22
909,Male,20,144,21
910,Female,46,52,28
911,Male,69,54,67
912,Male,28,96,71
913,Male,50,30,14
914,Female,55,141,79
915,Female,28,131,73
916,Female,44,107,52
917,Female,50,148,43
918,Female,38,17,71
919,Female,56,28,76
920,Female,48,80,19
921,Male,55,109,27
922,Male,63,100,18
923,Male,19,128,13
924,Male,44,143,1
925,Male,53,29,85
926,Male,28,51,34
927,Male,64,41,13
928,Female,35,26,51
929,Female,18,81,87
930,Male,52,44,1
931,Male,52,110,87
932,Female,48,149,28
933,Male,45,48,32
934,Male,56,46,72
935,Female,18,131,55
936,Male,42,53,26
937,Female,60,110,14
938,Male,55,145,88
939,Female,37,57,93
940,Female,20,95,68
941,Female,68,17,63
942,Male,19,88,82
943,Female,35,131,14
944,Male,61,77,27
945,Male,27,125,41
946,Male,22,54,3
947,Male,26,32,94
948,Female,19,81,59
949,Female,51,117,100
950,Male,55,60,23
951,Male,48,69,18
952,Female,27,89,74
953,Male,67,111,76
954,Female,29,40,41
955,Male,53,36,8
956,Male,38,40,32
957,Female,66,87,81
958,Male,64,129,41
959,Female,23,65,45
960,Male,65,127,78
961,Male,66,26,9
962,Male,20,17,90
963,Female,27,134,48
964,Male,22,149,24
965,Male,63,148,87
966,Male,43,96,95
967,Male,38,59,44
968,Female,62,141,58
969,Female,43,100,66
970,Male,55,129,18
971,Female,61,23,80
972,Male,43,26,29
973,Male,25,130,75
974,Male,22,102,2
975,Female,32,76,78
976,Female,33,118,68
977,Female,18,87,98
978,Female,33,91,39
979,Female,54,54,73
980,Female,20,149,41
981,Female,69,31,71
982,Female,64,133,81
983,Female,48,140,87
984,Male,30,38,75
985,Female,33,16,22
986,Female,60,106,82
987,Female,38,131,49
988,Female,19,67,28
989,Female,44,60,16
990,Female,55,59,68
991,Female,43,23,62
992,Female,55,20,36
993,Female,63,65,22
994,Female,42,133,11
995,Female,28,49,85
996,Male,25,96,80
997,Male,25,39,42
998,Female,50,31,55
999,Female,24,50,73
1000,Male,55,110,35
1001,Female,38,35,57
1002,Male,25,32,34
1003,Male,68,15,73
1004,Male,38,65,77
1005,Male,37,93,70
1006,Male,25,50,4
1007,Female,63,76,46
1008,Male,48,143,92
1009,Female,67,99,11
1010,Female,46,56,98
1011,Male,65,15,61
1012,Male,26,68,35
1013,Female,32,114,69
1014,Male,47,53,57
1015,Male,43,21,11
1016,Female,27,135,12
1017,Female,46,59,43
1018,Male,33,88,19
1019,Female,53,134,77
1020,Male,37,86,68
1021,Male,62,60,78
1022,Male,54,137,59
1023,Female,39,132,2
1024,Female,24,89,8
1025,Female,40,20,22
1026,Female,58,35,77
1027,Female,57,117,21
1028,Male,46,102,85
1029,Male,33,113,92
1030,Male,55,76,97
1031,Male,45,121,29
1032,Female,65,97,86
1033,Male,55,70,90
1034,Female,48,36,75
1035,Male,31,82,75
1036,Female,50,24,98
1037,Female,26,80,83
1038,Male,44,22,37
1039,Male,41,137,78
1040,Male,30,52,29
1041,Male,43,137,83
1042,Female,46,76,37
1043,Male,68,59,21
1044,Male,66,79,88
1045,Female,60,81,90
1046,Male,45,147,12
1047,Male,45,120,48
1048,Male,25,96,83
1049,Male,40,72,47
1050,Male,46,145,94
1051,Female,22,83,15
1052,Male,59,103,67
1053,Male,24,78,13
1054,Male,59,86,59
1055,Male,53,31,73
1056,Male,58,87,13
1057,Female,44,84,80
1058,Male,63,127,78
1059,Female,19,35,72
1060,Female,42,149,19
1061,Male,26,21,57
1062,Male,44,125,32
1063,Male,18,41,99
1064,Male,40,22,87
1065,Female,27,42,21
1066,Male,59,61,82
1067,Male,69,100,14
1068,Male,42,24,80
1069,Male,20,128,24
1070,Male,23,47,49
1071,Male,23,149,32
1072,Female,19,145,75
1073,Female,35,28,11
1074,Male,40,60,60
1075,Male,19,75,68
1076,Male,29,27,61
1077,Female,39,30,90
1078,Male,54,147,5
1079,Female,37,52,36
1080,Male,56,52,97
1081,Male,41,117,64
1082,Male,65,70,78
1083,Male,37,77,32
1084,Female,18,134,71
1085,Female,18,62,74
1086,Male,34,119,66
1087,Male,18,73,10
1088,Female,69,91,99
1089,Female,62,141,21
1090,Female,47,69,40
1091,Female,58,69,42
1092,Male,64,143,72
1093,Female,20,141,46
1094,Male,63,146,82
1095,Female,28,99,73
1096,Female,41,129,41
1097,Female,39,72,94
1098,Female,61,51,4
1099,Female,62,63,99
1100,Male,43,81,14
1101,Male,30,33,14
1102,Female,18,143,53
1103,Female,41,43,84
1104,Male,27,101,29
1105,Female,52,47,23
1106,Female,41,133,85
1107,Male,45,147,31
1108,Female,53,85,96
1109,Female,33,148,71
1110,Male,57,36,77
1111,Male,33,91,61
1112,Male,34,18,23
1113,Female,68,86,8
1114,Male,32,142,76
1115,Male,33,59,100
1116,Male,32,107,16
1117,Male,51,19,26
1118,Male,28,118,29
1119,Male,18,95,93
1120,Female,32,101,6
1121,Female,43,144,37
1122,Male,68,77,33
1123,Male,21,65,95
1124,Male,60,130,46
1125,Female,22,127,61
1126,Female,52,45,41
1127,Female,30,21,18
1128,Female,27,17,95
1129,Female,28,65,16
1130,Female,35,70,51
1131,Female,51,87,37
1132,Female,56,24,14
1133,Female,58,75,68
1134,Male,59,64,30
1135,Male,67,136,60
1136,Male,40,15,53
1137,Male,24,52,97
1138,Female,56,93,36
1139,Female,20,103,30
1140,Male,29,96,64
1141,Female,24,81,14
1142,Male,66,31,23
1143,Female,43,141,48
1144,Male,50,126,28
1145,Female,54,74,7
1146,Female,65,54,42
1147,Male,32,103,10
1148,Female,19,55,68
1149,Male,58,129,44
1150,Male,24,114,13
1151,Male,49,131,85
1152,Male,21,103,33
1153,Female,37,107,92
1154,Female,67,74,87
1155,Female,53,82,32
1156,Male,49,92,48
1157,Female,45,60,5
1158,Male,30,52,61
1159,Female,18,31,90
1160,Female,52,80,90
1161,Female,65,50,3
1162,Male,47,88,24
1163,Female,53,21,98
1164,Female,42,30,34
1165,Male,33,28,84
1166,Female,36,94,94
1167,Male,18,39,42
1168,Female,22,119,20
1169,Male,68,18,41
1170,Male,39,141,82
1171,Female,41,70,20
1172,Male,60,20,6
1173,Male,62,143,57
1174,Male,69,143,42
1175,Male,54,129,25
1176,Male,53,71,41
1177,Male,53,79,41
1178,Female,21,79,3
1179,Male,53,117,43
1180,Male,69,35,46
1181,Female,35,47,57
1182,Female,67,36,83
1183,Female,33,124,74
1184,Female,58,18,51
1185,Female,35,88,5
1186,Female,39,133,86
1187,Female,19,107,73
1188,Male,38,79,97
1189,Male,53,79,15
1190,Female,61,24,88
1191,Male,56,61,94
1192,Male,64,80,100
1193,Male,56,63,39
1194,Female,46,36,70
1195,Female,43,100,79
1196,Male,38,40,38
1197,Female,34,109,39
1198,Male,33,121,52
1199,Male,48,148,86
1200,Male,68,28,3
1201,Male,26,85,29
1202,Female,48,89,93
1203,Female,31,134,31
1204,Female,66,126,66
1205,Male,54,65,99
1206,Female,19,144,45
1207,Male,69,50,73
1208,Female,65,132,22
1209,Male,63,18,83
1210,Male,31,20,10
1211,Male,50,124,21
1212,Female,52,113,17
1213,Female,56,136,67
1214,Female,64,131,7
1215,Female,68,110,36
1216,Male,37,81,67
1217,Female,19,134,77
1218,Female,68,29,30
1219,Male,58,31,87
1220,Male,36,32,71
1221,Male,54,129,94
1222,Female,35,90,29
1223,Male,33,102,72
1224,Male,21,105,74
1225,Male,29,62,33
1226,Female,46,29,59
1227,Male,24,137,20
1228,Female,31,141,93
1229,Female,29,112,29
1230,Male,52,98,53
1231,Male,22,55,85
1232,Female,34,110,1
1233,Male,59,82,34
1234,Male,49,19,44
1235,Female,27,67,96
1236,Female,60,136,14
1237,Male,34,36,37
1238,Female,22,120,35
1239,Male,62,21,59
1240,Male,59,60,24
1241,Male,26,44,65
1242,Female,66,140,6
1243,Male,50,115,68
1244,Male,53,93,38
1245,Male,53,147,1
1246,Female,35,81,41
1247,Female,26,37,31
1248,Female,46,88,36
1249,Female,67,19,73
1250,Female,31,96,54
1251,Male,42,39,87
1252,Female,32,22,31
1253,Female,23,16,29
1254,Female,59,36,85
1255,Male,46,86,3
1256,Female,32,101,58
1257,Female,46,86,90
1258,Male,21,82,61
1259,Female,35,78,6
1260,Male,67,108,20
1261,Male,66,33,61
1262,Male,61,142,46
1263,Male,56,101,13
1264,Male,33,96,23
1265,Female,28,101,79
1266,Male,31,111,31
1267,Male,20,66,4
1268,Female,68,96,75
1269,Male,67,111,66
1270,Female,59,149,16
1271,Female,55,129,31
1272,Female,62,106,48
1273,Male,59,15,43
1274,Male,35,77,4
1275,Male,37,33,62
1276,Female,65,45,48
1277,Male,42,91,28
1278,Male,55,135,16
1279,Male,30,38,89
1280,Female,21,83,77
1281,Female,31,73,69
1282,Male,50,128,30
1283,Male,45,115,65
1284,Male,69,26,69
1285,Male,54,133,14
1286,Female,25,111,75
1287,Female,61,71,34
1288,Female,51,56,56
1289,Female,61,112,29
1290,Male,22,45,82
1291,Male,22,16,79
1292,Male,48,46,25
1293,Female,62,119,94
1294,Male,26,89,66
1295,Female,59,119,40
1296,Female,49,141,91
1297,Male,50,23,15
1298,Male,20,29,32
1299,Male,47,111,20
1300,Female,67,119,53
1301,Male,29,77,78
1302,Female,46,35,91
1303,Male,20,19,67
1304,Female,43,139,49
1305,Female,47,99,67
1306,Male,26,127,77
1307,Female,43,94,89
1308,Female,19,130,82
1309,Male,20,111,1
1310,Female,63,35,39
1311,Male,21,94,61
1312,Female,42,53,55
1313,Male,68,135,69
1314,Male,30,138,2
1315,Female,56,20,94
1316,Female,61,70,17
1317,Female,52,63,29
1318,Female,40,106,4
1319,Female,26,143,73
1320,Male,19,79,64
1321,Female,58,42,85
1322,Male,61,114,43
1323,Male,48,86,76
1324,Female,61,79,12
1325,Male,64,65,50
1326,Male,19,63,68
1327,Male,49,88,61
1328,Male,35,26,92
1329,Female,30,118,73
1330,Male,63,95,51
1331,Female,22,141,96
1332,Female,59,28,77
1333,Male,61,48,98
1334,Female,27,62,83
1335,Female,60,75,78
1336,Female,42,49,5
1337,Male,51,133,91
1338,Female,54,79,28
1339,Female,47,73,90
1340,Female,24,50,10
1341,Male,23,56,88
1342,Female,20,83,81
1343,Male,30,121,52
1344,Male,20,53,80
1345,Male,43,83,17
1346,Male,41,26,65
1347,Male,23,97,21
1348,Male,60,50,54
1349,Female,66,140,49
1350,Male,59,77,22
1351,Female,29,90,69
1352,Female,66,96,64
1353,Male,53,65,36
1354,Female,19,57,21
1355,Female,28,48,56
1356,Female,56,111,73
1357,Female,51,63,91
1358,Male,43,139,48
1359,Female,35,71,76
1360,Male,38,107,18
1361,Female,53,123,99
1362,Female,57,19,15
1363,Male,69,38,44
1364,Female,63,73,94
1365,Female,61,52,45
1366,Female,39,24,97
1367,Male,47,140,36
1368,Female,67,25,40
1369,Male,60,38,51
1370,Female,47,102,30
1371,Male,25,128,26
1372,Male,51,35,85
1373,Female,64,24,31
1374,Female,26,148,56
1375,Male,68,80,61
1376,Male,37,136,17
1377,Female,57,146,81
1378,Male,42,37,98
1379,Female,36,27,24
1380,Female,22,30,97
1381,Female,28,55,4
1382,Female,32,15,9
1383,Male,25,125,2
1384,Female,36,26,35
1385,Male,40,133,38
1386,Female,44,34,45
1387,Male,57,50,15
1388,Female,49,93,42
1389,Male,43,122,3
1390,Male,44,110,31
1391,Female,36,73,52
1392,Female,67,34,41
1393,Female,59,140,57
1394,Female,46,111,42
1395,Male,56,76,53
1396,Female,58,145,56
1397,Male,50,107,87
1398,Male,36,105,76
1399,Female,54,147,72
1400,Male,36,137,53
1401,Male,50,100,85
1402,Male,64,132,85
1403,Male,33,40,32
1404,Female,40,132,81
1405,Female,24,15,54
1406,Female,43,21,37
1407,Female,49,90,88
1408,Male,29,101,8
1409,Male,25,108,82
1410,Female,22,75,11
1411,Female,59,43,54
1412,Female,45,109,60
1413,Male,22,32,10
1414,Female,66,55,90
1415,Female,43,146,70
1416,Female,22,55,81
1417,Male,39,137,87
1418,Male,32,36,42
1419,Male,30,94,37
1420,Male,45,144,92
1421,Male,50,50,80
1422,Male,60,34,76
1423,Male,40,81,58
1424,Male,50,134,85
1425,Female,60,69,59
1426,Female,35,80,24
1427,Male,67,40,28
1428,Male,47,144,37
1429,Female,43,70,21
1430,Male,33,48,33
1431,Male,30,70,2
1432,Male,56,69,83
1433,Female,50,34,28
1434,Female,43,64,15
1435,Female,65,98,1
1436,Female,18,67,28
1437,Female,66,125,50
1438,Male,55,126,35
1439,Female,19,83,96
1440,Male,66,16,28
1441,Male,23,30,9
1442,Female,63,108,24
1443,Female,67,59,63
1444,Male,55,140,4
1445,Male,59,38,56
1446,Male,41,129,41
1447,Female,35,137,67
1448,Female,44,92,48
1449,Female,58,131,86
1450,Female,25,94,58
1451,Female,45,64,39
1452,Male,27,99,25
1453,Female,34,18,60
1454,Male,46,75,86
1455,Male,23,125,47
1456,Male,31,92,98
1457,Female,39,97,61
1458,Female,23,147,84
1459,Female,43,114,100
1460,Male,56,45,27
1461,Male,29,133,96
1462,Male,52,108,42
1463,Male,31,44,52
1464,Male,39,69,93
1465,Male,68,119,48
1466,Female,40,55,32
1467,Female,65,88,24
1468,Female,24,91,3
1469,Female,57,99,27
1470,Male,67,118,73
1471,Male,42,93,40
1472,Female,30,98,23
1473,Male,38,147,7
1474,Female,58,138,81
1475,Female,27,46,37
1476,Female,26,20,7
1477,Male,32,108,94
1478,Female,69,40,77
1479,Female,19,51,82
1480,Female,42,27,95
1481,Male,30,107,22
1482,Male,51,39,78
1483,Female,68,34,82
1484,Male,51,86,99
1485,Male,52,129,17
1486,Male,55,141,19
1487,Male,20,40,95
1488,Male,59,68,39
1489,Male,23,139,36
1490,Male,65,25,15
1491,Male,66,41,63
1492,Male,36,108,29
1493,Male,20,97,60
1494,Female,35,48,56
1495,Female,56,52,40
1496,Male,26,101,16
1497,Female,69,79,33
1498,Female,29,145,89
1499,Male,22,66,16
1500,Male,20,44,30
1501,Male,28,127,98
1502,Female,47,22,66
1503,Female,21,86,44
1504,Male,22,46,38
1505,Male,18,109,51
1506,Male,44,55,60
1507,Female,45,89,18
1508,Female,46,59,5
1509,Female,35,27,40
1510,Female,29,33,6
1511,Male,30,67,76
1512,Male,58,17,12
1513,Male,19,110,12
1514,Male,54,28,73
1515,Female,62,134,22
1516,Female,33,145,49
1517,Male,65,27,50
1518,Male,41,86,80
1519,Female,52,96,4
1520,Male,39,71,50
1521,Female,53,21,3
1522,Male,28,126,16
1523,Male,63,62,14
1524,Male,46,94,64
1525,Male,52,133,41
1526,Male,65,134,68
1527,Male,32,74,59
1528,Male,48,47,2
1529,Female,59,129,10
1530,Female,58,142,75
1531,Female,60,17,90
1532,Female,33,18,26
1533,Female,27,114,4
1534,Male,66,18,90
1535,Male,49,56,28
1536,Female,68,23,2
1537,Male,19,65,66
1538,Female,41,111,16
1539,Female,40,34,57
1540,Male,19,36,23
1541,Male,55,41,23
1542,Male,48,57,77
1543,Female,68,145,21
1544,Male,57,108,25
1545,Female,43,22,58
1546,Female,46,100,37
1547,Female,20,103,49
1548,Male,31,127,77
1549,Male,42,35,15
1550,Female,65,23,28
1551,Male,18,50,67
1552,Male,20,50,87
1553,Male,43,87,4
1554,Female,35,15,47
1555,Female,26,83,50
1556,Male,55,51,60
1557,Female,40,86,62
1558,Male,38,121,67
1559,Male,18,110,72
1560,Male,38,98,43
1561,Male,44,57,89
1562,Female,59,51,58
1563,Female,23,39,52
1564,Female,61,87,76
1565,Male,53,56,69
1566,Male,45,16,97
1567,Male,62,110,46
1568,Female,34,75,25
1569,Male,57,28,25
1570,Female,69,127,35
1571,Female,20,91,61
1572,Female,29,35,15
1573,Female,56,78,90
1574,Female,29,71,74
1575,Female,19,133,88
1576,Male,63,66,35
1577,Male,39,109,29
1578,Female,40,103,38
1579,Female,47,24,69
1580,Male,22,66,24
1581,Female,26,48,19
1582,Female,38,129,46
1583,Male,28,139,49
1584,Female,22,57,44
1585,Female,52,43,73
1586,Female,44,120,26
1587,Male,66,134,25
1588,Male,19,95,35
1589,Male,41,45,36
1590,Female,48,142,14
1591,Female,50,52,56
1592,Male,56,115,6
1593,Female,47,146,32
1594,Female,63,144,26
1595,Female,54,26,15
1596,Female,68,49,49
1597,Female,45,124,95
1598,Male,48,86,56
1599,Female,28,124,37
1600,Male,40,75,53
1601,Female,19,62,58
1602,Male,57,85,83
1603,Female,58,148,78
1604,Male,44,82,36
1605,Female,52,36,11
1606,Male,19,46,27
1607,Female,56,137,2
1608,Male,54,36,22
1609,Female,38,124,66
1610,Male,22,29,84
1611,Male,69,138,17
1612,Female,62,58,4
1613,Female,38,129,14
1614,Male,46,23,7
1615,Female,37,48,79
1616,Male,55,87,94
1617,Male,37,59,16
1618,Male,67,86,66
1619,Female,42,72,19
1620,Male,19,129,1
1621,Male,49,33,31
1622,Female,43,30,4
1623,Female,23,89,91
1624,Female,58,120,58
1625,Female,20,88,56
1626,Male,50,32,53
1627,Male,18,57,89
1628,Male,68,64,86
1629,Male,22,17,43
1630,Female,30,73,74
1631,Male,36,42,97
1632,Male,29,60,49
1633,Female,65,78,60
1634,Male,42,84,94
1635,Male,68,61,94
1636,Male,52,149,16
1637,Male,29,120,73
1638,Male,47,95,81
1639,Male,22,65,99
1640,Female,51,43,60
1641,Female,39,127,47
1642,Male,56,142,15
1643,Male,30,104,63
1644,Female,64,39,28
1645,Male,20,55,20
1646,Male,37,83,97
1647,Male,48,18,63
1648,Female,22,119,33
1649,Male,41,45,36
1650,Female,57,145,13
1651,Male,50,131,62
1652,Female,25,104,68
1653,Female,41,80,23
1654,Male,67,102,72
1655,Female,37,38,13
1656,Male,33,113,88
1657,Female,67,119,40
1658,Male,69,33,30
1659,Male,29,80,94
1660,Female,30,74,25
1661,Male,62,129,97
1662,Male,59,29,73
1663,Female,56,99,26
1664,Male,42,102,24
1665,Male,63,21,97
1666,Female,49,20,39
1667,Female,41,139,89
1668,Male,65,47,79
1669,Male,64,72,61
1670,Female,61,124,49
1671,Female,26,56,41
1672,Male,57,108,70
1673,Female,67,143,20
1674,Male,40,93,44
1675,Male,67,109,16
1676,Male,30,125,21
1677,Male,49,111,15
1678,Male,67,133,39
1679,Female,32,83,42
1680,Female,53,147,61
1681,Female,66,66,4
1682,Female,22,136,24
1683,Male,39,43,3
1684,Male,33,118,1
1685,Male,58,15,94
1686,Male,27,43,13
1687,Female,41,83,54
1688,Male,35,67,82
1689,Male,66,138,40
1690,Female,35,102,11
1691,Female,24,97,42
1692,Female,21,26,93
1693,Female,43,66,4
1694,Male,22,143,25
1695,Male,33,149,100
1696,Female,52,141,36
1697,Male,43,85,64
1698,Male,35,31,44
1699,Male,46,17,40
1700,Female,40,43,92
1701,Male,31,36,45
1702,Female,32,68,8
1703,Male,66,121,85
1704,Male,50,83,35
1705,Male,42,134,44
1706,Female,38,61,18
1707,Male,34,34,47
1708,Female,40,35,25
1709,Female,60,15,41
1710,Female,34,31,5
1711,Male,31,65,64
1712,Male,46,28,62
1713,Male,37,73,72
1714,Male,47,97,87
1715,Female,36,64,3
1716,Female,56,138,37
1717,Female,30,48,95
1718,Male,35,20,93
1719,Female,40,123,41
1720,Male,63,63,20
1721,Female,50,20,67
1722,Male,56,131,87
1723,Male,57,132,40
1724,Female,35,21,85
1725,Female,26,111,77
1726,Female,50,132,8
1727,Female,49,143,5
1728,Male,34,41,25
1729,Female,36,130,39
1730,Female,44,145,37
1731,Female,23,72,5
1732,Male,52,103,8
1733,Male,54,111,4
1734,Female,51,31,41
1735,Male,37,115,60
1736,Female,42,43,54
1737,Male,21,116,22
1738,Male,27,137,78
1739,Male,27,68,19
1740,Male,41,41,77
1741,Female,38,116,99
1742,Female,28,131,68
1743,Female,44,118,33
1744,Male,33,59,22
1745,Female,43,128,65
1746,Female,47,101,11
1747,Female,66,45,16
1748,Male,33,51,68
1749,Male,24,50,93
1750,Male,33,133,44
1751,Female,52,19,88
1752,Female,33,66,9
1753,Female,57,63,72
1754,Male,29,20,78
1755,Male,52,137,79
1756,Female,66,132,62
1757,Male,38,37,86
1758,Male,67,124,15
1759,Male,60,58,6
1760,Male,53,55,1
1761,Female,65,64,20
1762,Male,34,66,36
1763,Male,49,84,2
1764,Male,58,123,70
1765,Male,23,132,2
1766,Female,41,123,3
1767,Female,44,109,7
1768,Male,37,58,84
1769,Male,42,81,64
1770,Male,19,81,41
1771,Male,26,32,54
1772,Male,45,74,41
1773,Male,55,88,5
1774,Female,20,63,89
1775,Male,37,29,82
1776,Female,23,87,63
1777,Female,56,62,1
1778,Male,50,86,25
1779,Female,18,127,81
1780,Female,54,143,46
1781,Female,23,149,15
1782,Female,62,67,69
1783,Female,51,32,17
1784,Female,64,26,21
1785,Male,32,62,53
1786,Female,62,44,55
1787,Female,43,111,87
1788,Female,31,21,10
1789,Male,24,106,81
1790,Female,63,127,57
1791,Male,48,17,65
1792,Female,41,121,37
1793,Male,48,77,7
1794,Male,46,148,76
1795,Female,59,116,40
1796,Female,49,29,50
1797,Male,34,105,1
1798,Female,31,95,20
1799,Male,57,75,31
1800,Male,53,134,68
1801,Male,65,75,90
1802,Male,41,67,12
1803,Male,62,40,22
1804,Female,44,129,1
1805,Male,42,54,1
1806,Male,49,102,3
1807,Female,69,130,76
1808,Male,35,35,21
1809,Female,63,57,13
1810,Female,35,35,61
1811,Female,54,145,13
1812,Male,43,45,82
1813,Male,26,41,33
1814,Male,52,87,6
1815,Female,25,111,25
1816,Male,37,104,23
1817,Female,59,58,88
1818,Male,39,57,26
1819,Female,36,45,4
1820,Male,47,131,35
1821,Male,45,90,75
1822,Male,52,48,100
1823,Female,60,94,25
1824,Female,28,18,20
1825,Male,48,86,1
1826,Male,66,112,94
1827,Female,65,124,68
1828,Female,56,42,23
1829,Female,53,144,99
1830,Male,47,31,22
1831,Female,40,72,95
1832,Male,36,141,62
1833,Female,29,23,1
1834,Male,32,45,59
1835,Female,48,102,68
1836,Female,60,76,19
1837,Female,54,33,30
1838,Female,54,95,1
1839,Female,32,121,48
1840,Male,46,69,19
1841,Female,67,126,52
1842,Female,60,137,85
1843,Female,43,79,22
1844,Male,61,138,50
1845,Female,19,17,66
1846,Male,37,35,6
1847,Female,32,51,64
1848,Female,69,29,21
1849,Male,21,101,97
1850,Female,39,134,19
1851,Male,67,58,91
1852,Male,55,53,37
1853,Female,40,147,63
1854,Male,43,39,29
1855,Female,68,70,60
1856,Female,28,135,92
1857,Male,45,104,34
1858,Male,19,78,1
1859,Male,25,103,48
1860,Male,46,126,89
1861,Female,28,90,21
1862,Female,54,24,34
1863,Male,35,76,26
1864,Female,67,104,36
1865,Female,31,74,99
1866,Female,27,121,23
1867,Female,52,52,81
1868,Male,26,148,47
1869,Male,52,61,76
1870,Female,28,147,44
1871,Male,61,92,20
1872,Male,29,67,27
1873,Male,20,76,61
1874,Female,56,37,37
1875,Female,31,58,84
1876,Female,45,66,52
1877,Male,28,60,75
1878,Female,56,98,92
1879,Female,42,61,62
1880,Male,38,105,66
1881,Female,27,66,24
1882,Female,60,38,80
1883,Male,32,103,12
1884,Male,36,78,16
1885,Male,65,133,36
1886,Female,39,78,2
1887,Female,38,100,89
1888,Female,69,70,62
1889,Male,61,73,64
1890,Male,49,147,29
1891,Female,67,139,92
1892,Female,40,61,74
1893,Male,30,135,87
1894,Male,22,116,96
1895,Male,21,58,31
1896,Male,45,29,83
1897,Female,31,119,15
1898,Male,25,65,55
1899,Female,26,67,33
1900,Female,68,48,81
1901,Female,52,138,52
1902,Male,54,91,100
1903,Male,38,137,20
1904,Male,35,84,73
1905,Male,50,35,38
1906,Female,25,122,3
1907,Male,68,122,54
1908,Male,66,149,66
1909,Female,34,104,18
1910,Male,60,93,87
1911,Female,48,56,83
1912,Female,51,66,7
1913,Female,23,116,35
1914,Female,39,119,84
1915,Female,31,93,84
1916,Female,20,126,83
1917,Female,29,118,80
1918,Female,53,30,85
1919,Male,29,110,93
1920,Male,62,51,60
1921,Male,19,60,24
1922,Male,19,16,93
1923,Female,32,133,95
1924,Male,40,101,39
1925,Female,46,108,12
1926,Male,34,17,94
1927,Male,49,125,53
1928,Male,24,15,64
1929,Female,47,119,4
1930,Male,45,36,94
1931,Female,31,148,5
1932,Female,61,79,16
1933,Male,47,35,27
1934,Male,34,18,4
1935,Male,49,145,72
1936,Female,63,127,48
1937,Male,23,44,8
1938,Female,68,45,81
1939,Female,41,34,46
1940,Male,23,68,44
1941,Male,44,140,67
1942,Female,35,29,91
1943,Female,41,71,52
1944,Female,54,93,34
1945,Male,41,28,62
1946,Female,55,105,21
1947,Male,51,28,24
1948,Female,57,113,44
1949,Female,64,47,41
1950,Male,32,15,29
1951,Female,28,48,6
1952,Male,39,33,56
1953,Male,41,18,14
1954,Female,18,91,50
1955,Male,35,72,78
1956,Male,61,117,52
1957,Female,29,81,88
1958,Male,60,130,77
1959,Male,45,134,1
1960,Male,57,36,12
1961,Female,24,126,24
1962,Male,40,89,37
1963,Female,38,46,84
1964,Female,51,81,70
1965,Male,28,18,76
1966,Male,39,44,85
1967,Male,59,27,3
1968,Female,52,35,27
1969,Male,69,55,53
1970,Male,46,135,100
1971,Male,59,33,17
1972,Male,45,62,15
1973,Male,35,100,39
1974,Female,31,77,4
1975,Female,35,51,17
1976,Male,45,45,11
1977,Male,41,88,12
1978,Male,25,121,32
1979,Male,59,117,27
1980,Female,62,124,44
1981,Male,25,34,43
1982,Female,21,100,91
1983,Female,44,58,49
1984,Male,53,96,93
1985,Female,22,78,73
1986,Female,50,136,43
1987,Female,66,101,3
1988,Female,51,79,29
1989,Male,47,69,85
1990,Male,25,88,35
1991,Female,56,131,48
1992,Male,64,143,74
1993,Male,43,109,87
1994,Male,54,113,39
1995,Male,51,126,89
1996,Male,24,66,24
1997,Female,57,47,20
1998,Male,45,18,15
1999,Male,56,101,85
2000,Male,56,89,76
2001,Male,45,23,18
2002,Female,31,78,60
2003,Female,67,44,87
2004,Female,55,147,93
2005,Female,21,90,41
2006,Male,59,143,100
2007,Female,35,29,69
2008,Male,61,103,90
2009,Male,65,142,75
2010,Male,42,40,11
2011,Male,24,75,56
2012,Male,55,137,18
2013,Female,45,81,12
2014,Female,22,40,16
2015,Female,20,97,27
2016,Female,61,122,100
2017,Male,48,125,17
2018,Female,64,74,85
2019,Male,59,53,31
2020,Female,37,137,35
2021,Male,36,50,27
2022,Male,65,35,87
2023,Female,28,132,32
2024,Male,57,62,17
2025,Male,20,40,11
2026,Female,40,50,1
2027,Male,24,142,92
2028,Female,40,29,82
2029,Female,24,93,49
2030,Female,63,148,41
2031,Male,51,42,20
2032,Male,59,134,71
2033,Male,36,102,37
2034,Female,26,45,16
2035,Male,65,61,39
2036,Female,68,48,45
2037,Female,35,16,64
2038,Male,58,120,47
2039,Female,65,108,23
2040,Male,62,86,32
2041,Male,59,66,49
2042,Male,42,149,81
2043,Male,69,104,19
2044,Male,31,106,98
2045,Female,61,92,78
2046,Female,42,139,67
2047,Female,36,145,39
2048,Male,56,64,89
2049,Male,32,107,60
2050,Male,33,138,11
2051,Female,44,68,49
2052,Male,57,148,15
2053,Female,27,92,83
2054,Female,21,92,61
2055,Male,68,34,43
2056,Male,36,105,15
2057,Female,45,113,79
2058,Male,38,70,79
2059,Female,64,16,73
2060,Male,31,119,5
2061,Male,50,126,83
2062,Female,65,38,88
2063,Male,27,123,29
2064,Female,36,82,62
2065,Male,47,128,60
2066,Female,39,98,69
2067,Female,20,63,22
2068,Male,54,46,13
2069,Female,58,75,50
2070,Male,35,143,47
2071,Male,28,116,29
2072,Male,65,49,80
2073,Female,19,65,100
2074,Female,29,59,17
2075,Male,23,91,20
2076,Male,60,127,78
2077,Female,57,79,6
2078,Male,61,28,22
2079,Male,46,107,9
2080,Female,47,145,32
2081,Male,19,38,88
2082,Female,26,79,33
2083,Male,64,27,77
2084,Female,19,114,99
2085,Male,46,113,70
2086,Male,50,69,49
2087,Female,27,77,30
2088,Male,51,85,16
2089,Female,61,113,65
2090,Male,25,80,82
2091,Female,54,93,86
2092,Female,50,87,90
2093,Female,64,61,14
2094,Female,23,95,56
2095,Male,61,140,37
2096,Male,57,66,49
2097,Female,62,37,78
2098,Female,36,35,90
2099,Female,49,78,50
2100,Male,44,86,36
2101,Male,18,144,52
2102,Male,60,83,23
2103,Male,69,82,66
2104,Female,50,142,71
2105,Female,57,121,45
2106,Female,49,123,86
2107,Male,22,86,28
2108,Male,34,117,20
2109,Male,25,79,49
2110,Female,59,148,57
2111,Female,51,126,82
2112,Male,26,93,88
2113,Female,40,140,97
2114,Male,52,135,59
2115,Male,67,101,26
2116,Female,24,62,19
2117,Male,32,102,13
2118,Female,37,82,74
2119,Male,67,115,62
2120,Female,42,31,14
2121,Female,20,52,73
2122,Female,63,68,11
2123,Male,41,148,67
2124,Male,51,148,12
2125,Female,63,66,35
2126,Female,39,29,39
2127,Male,28,82,32
2128,Male,65,126,14
2129,Male,25,118,65
2130,Female,56,21,27
2131,Male,60,65,60
2132,Male,52,72,43
2133,Female,66,123,65
2134,Male,63,125,55
2135,Male,55,45,93
2136,Male,25,106,88
2137,Female,54,120,81
2138,Female,44,27,35
2139,Female,45,133,95
2140,Female,57,129,32
2141,Female,51,71,19
2142,Female,49,140,95
2143,Female,32,68,39
2144,Male,61,147,20
2145,Male,34,33,28
2146,Female,50,91,3
2147,Male,64,83,32
2148,Male,63,58,86
2149,Female,69,52,58
2150,Male,33,76,54
2151,Male,46,36,42
2152,Male,26,87,15
2153,Male,50,139,83
2154,Male,66,19,62
2155,Female,46,68,31
2156,Female,30,100,61
2157,Female,38,17,26
2158,Male,38,52,69
2159,Female,22,87,57
2160,Male,27,52,20
2161,Male,23,139,66
2162,Male,68,84,21
2163,Male,30,79,60
2164,Female,18,39,63
2165,Female,37,30,51
2166,Male,64,29,100
2167,Female,63,145,92
2168,Male,25,51,84
2169,Female,27,139,39
2170,Female,26,127,100
2171,Male,66,15,11
2172,Female,58,85,57
2173,Male,20,117,3
2174,Female,28,33,37
2175,Male,29,66,84
2176,Male,27,132,96
2177,Female,42,121,25
2178,Female,66,69,21
2179,Male,66,28,80
2180,Female,42,27,42
2181,Female,28,98,1
2182,Male,53,104,23
2183,Male,56,41,24
2184,Female,43,103,47
2185,Male,31,55,89
2186,Male,56,62,7
2187,Male,57,26,38
2188,Female,18,20,47
2189,Female,21,55,35
2190,Male,47,20,78
2191,Female,29,144,62
2192,Male,52,29,73
2193,Female,30,30,3
2194,Male,69,99,20
2195,Male,48,24,97
2196,Female,55,33,44
2197,Male,60,82,32
2198,Female,40,56,100
2199,Female,21,98,26
2200,Male,69,148,48
2201,Male,33,67,5
2202,Female,24,112,59
2203,Male,39,56,61
2204,Male,46,44,49
2205,Male,28,23,30
2206,Male,50,48,17
2207,Male,46,102,70
2208,Female,56,64,58
2209,Female,29,90,63
2210,Male,24,60,61
2211,Male,56,60,63
2212,Male,59,140,15
2213,Female,65,31,1
2214,Male,43,80,13
2215,Female,57,118,48
2216,Female,26,19,34
2217,Female,58,137,30
2218,Male,51,139,19
2219,Female,62,126,64
2220,Male,30,30,66
2221,Female,53,95,57
2222,Male,42,105,44
2223,Female,41,149,12
2224,Male,61,86,40
2225,Female,34,110,24
2226,Male,19,125,11
2227,Male,30,96,66
2228,Male,48,52,1
2229,Male,46,68,58
2230,Female,67,90,28
2231,Female,45,29,68
2232,Male,44,130,94
2233,Female,32,23,59
2234,Male,48,22,71
2235,Male,57,124,22
2236,Female,32,65,90
2237,Male,50,45,29
2238,Male,37,116,89
2239,Female,59,17,74
2240,Male,29,113,84
2241,Male,54,97,78
2242,Male,26,57,97
2243,Male,40,43,69
2244,Female,25,24,45
2245,Female,49,60,70
2246,Female,65,44,86
2247,Male,31,108,17
2248,Male,44,46,79
2249,Female,42,61,39
2250,Male,30,102,40
2251,Male,38,77,28
2252,Male,62,145,2
2253,Male,48,37,82
2254,Female,54,88,27
2255,Female,65,64,21
2256,Female,60,138,87
2257,Male,22,27,7
2258,Female,30,140,61
2259,Female,45,43,52
2260,Male,60,135,48
2261,Male,42,104,19
2262,Female,68,147,73
2263,Female,52,92,12
2264,Female,64,123,94
2265,Female,56,28,71
2266,Male,24,62,2
2267,Female,55,38,17
2268,Female,49,93,75
2269,Male,20,65,76
2270,Female,62,17,3
2271,Male,56,142,21
2272,Male,54,133,78
2273,Male,67,72,79
2274,Female,39,139,51
2275,Female,25,127,10
2276,Male,34,69,55
2277,Female,69,133,36
2278,Female,44,134,51
2279,Male,50,94,74
2280,Male,63,56,17
2281,Female,34,35,89
2282,Male,59,24,61
2283,Female,29,71,91
2284,Female,65,70,97
2285,Female,63,52,75
2286,Female,44,100,13
2287,Male,65,127,65
2288,Male,25,126,95
2289,Male,40,68,97
2290,Male,59,60,85
2291,Female,66,18,80
2292,Female,46,76,87
2293,Male,67,138,74
2294,Female,37,142,48
2295,Female,33,126,97
2296,Female,34,99,86
2297,Male,33,18,70
2298,Male,36,79,47
2299,Male,25,76,100
2300,Female,55,104,10
2301,Male,55,134,57
2302,Male,46,144,80
2303,Male,58,59,13
2304,Male,53,126,61
2305,Male,43,56,58
2306,Male,48,55,84
2307,Female,61,103,68
2308,Female,29,56,84
2309,Male,34,49,86
2310,Male,32,81,29
2311,Female,26,55,16
2312,Female,56,113,63
2313,Male,59,64,47
2314,Male,65,118,43
2315,Male,29,100,23
2316,Male,49,93,30
2317,Female,42,59,57
2318,Male,56,120,30
2319,Male,35,136,67
2320,Male,32,91,56
2321,Male,49,70,24
2322,Female,23,126,77
2323,Female,61,107,96
2324,Female,60,55,76
2325,Male,69,20,8
2326,Male,52,112,88
2327,Female,51,87,44
2328,Male,55,55,80
2329,Male,22,23,96
2330,Female,35,22,34
2331,Female,33,118,35
2332,Female,25,27,96
2333,Female,42,33,50
2334,Male,49,112,17
2335,Male,43,110,2
2336,Female,69,63,90
2337,Male,39,114,54
2338,Female,48,96,44
2339,Female,60,80,81
2340,Male,27,105,49
2341,Female,29,73,2
2342,Male,45,67,72
2343,Male,23,66,70
2344,Male,37,95,9
2345,Male,22,29,1
2346,Female,40,135,69
2347,Male,26,19,9
2348,Female,46,149,14
2349,Female,33,32,27
2350,Female,63,70,9
2351,Female,39,89,36
2352,Male,25,110,93
2353,Male,37,128,84
2354,Female,68,115,79
2355,Female,31,42,100
2356,Male,56,64,3
2357,Female,54,16,23
2358,Male,67,82,73
2359,Female,51,142,30
2360,Male,28,91,19
2361,Female,57,38,67
2362,Female,50,126,50
2363,Male,48,133,48
2364,Female,61,50,3
2365,Female,51,16,98
2366,Male,67,141,66
2367,Female,24,119,27
2368,Male,66,32,87
2369,Male,40,22,96
2370,Female,63,29,99
2371,Female,24,37,40
2372,Female,42,107,18
2373,Female,20,63,27
2374,Female,55,78,11
2375,Female,37,48,39
2376,Female,51,32,19
2377,Male,66,78,89
2378,Female,61,120,7
2379,Male,61,88,95
2380,Female,47,116,57
2381,Female,34,31,2
2382,Male,27,66,38
2383,Female,52,78,5
2384,Female,37,48,78
2385,Male,35,109,82
2386,Female,62,101,36
2387,Female,61,116,68
2388,Female,44,90,88
2389,Male,66,33,77
2390,Female,53,88,85
2391,Female,40,64,57
2392,Female,49,53,97
2393,Female,27,26,20
2394,Male,28,93,5
2395,Male,55,29,24
2396,Female,23,42,99
2397,Female,58,146,30
2398,Male,64,50,28
2399,Male,51,133,53
2400,Female,53,79,51
2401,Male,54,112,7
2402,Female,34,61,42
2403,Male,57,95,35
2404,Male,57,53,94
2405,Male,29,52,34
2406,Male,38,58,73
2407,Female,57,111,76
2408,Male,36,138,54
2409,Male,20,40,29
2410,Female,35,111,10
2411,Male,68,15,27
2412,Male,36,67,83
2413,Female,64,20,13
2414,Male,23,51,42
2415,Female,33,16,37
2416,Female,25,137,61
2417,Female,65,83,96
2418,Female,35,27,79
2419,Male,69,83,21
2420,Female,65,80,3
2421,Male,60,73,8
2422,Male,56,82,70
2423,Male,66,73,93
2424,Male,66,131,83
2425,Male,29,24,17
2426,Male,62,144,10
2427,Male,27,29,97
2428,Male,24,60,13
2429,Male,63,103,91
2430,Male,18,91,12
2431,Female,66,124,66
2432,Female,53,111,74
2433,Female,38,59,85
2434,Male,54,105,23
2435,Female,69,128,65
2436,Female,41,87,97
2437,Female,42,49,52
2438,Male,24,56,61
2439,Male,59,147,26
2440,Male,34,41,15
2441,Male,46,46,22
2442,Female,47,117,89
2443,Female,24,99,65
2444,Female,50,92,26
2445,Female,24,58,21
2446,Male,41,46,24
2447,Male,28,42,16
2448,Male,26,91,32
2449,Female,29,32,16
2450,Male,52,117,77
2451,Male,21,84,42
2452,Female,53,133,32
2453,Female,45,111,50
2454,Male,30,49,41
2455,Male,40,83,24
2456,Male,36,140,13
2457,Male,59,113,75
2458,Male,54,92,79
2459,Male,56,125,10
2460,Female,41,31,42
2461,Female,33,18,41
2462,Female,50,106,3
2463,Male,29,89,55
2464,Female,51,117,16
2465,Male,24,38,44
2466,Male,28,79,81
2467,Female,48,131,89
2468,Male,46,96,30
2469,Male,30,20,99
2470,Female,48,80,37
2471,Female,19,81,60
2472,Female,56,86,77
2473,Male,32,109,24
2474,Female,28,62,26
2475,Female,51,84,58
2476,Male,56,92,9
2477,Female,21,81,61
2478,Female,28,79,19
2479,Female,46,77,28
2480,Male,19,60,7
2481,Male,33,87,45
2482,Male,56,85,86
2483,Male,30,124,94
2484,Female,54,77,63
2485,Male,34,55,37
2486,Male,38,21,16
2487,Female,61,18,100
2488,Female,36,103,5
2489,Female,24,148,29
2490,Male,55,96,52
2491,Male,25,35,23
2492,Male,30,142,6
2493,Female,54,119,36
2494,Female,19,118,57
2495,Male,58,82,33
2496,Female,28,124,49
2497,Female,41,80,41
2498,Female,23,41,80
2499,Male,43,74,55
2500,Female,24,132,98
2501,Female,56,58,26
2502,Male,36,50,37
2503,Male,23,33,77
2504,Female,60,105,17
2505,Female,46,59,96
2506,Male,60,112,32
2507,Male,56,33,28
2508,Female,19,55,93
2509,Female,36,40,25
2510,Female,21,42,47
2511,Female,23,78,22
2512,Male,66,82,91
2513,Female,54,94,61
2514,Female,45,65,44
2515,Male,47,116,20
2516,Female,24,24,50
2517,Male,26,114,88
2518,Female,42,136,47
2519,Female,50,78,47
2520,Male,18,138,72
2521,Male,68,33,51
2522,Female,23,90,55
2523,Female,35,76,78
2524,Female,27,39,39
2525,Male,45,103,14
2526,Female,28,106,69
2527,Male,50,56,47
2528,Male,18,131,21
2529,Female,30,53,15
2530,Male,54,147,100
2531,Female,37,95,97
2532,Female,18,121,81
2533,Female,69,125,84
2534,Female,20,35,1
2535,Female,35,64,80
2536,Male,58,135,82
2537,Male,31,148,10
2538,Female,48,64,23
2539,Female,44,129,18
2540,Male,34,15,58
2541,Male,63,44,73
2542,Male,46,121,94
2543,Male,53,62,77
2544,Female,54,101,52
2545,Female,43,143,95
2546,Male,34,33,46
2547,Female,39,60,13
2548,Male,42,144,96
2549,Female,19,70,17
2550,Male,39,106,67
2551,Female,22,96,61
2552,Male,21,93,65
2553,Male,53,119,53
2554,Female,23,41,5
2555,Male,69,69,32
2556,Female,38,74,89
2557,Female,30,123,45
2558,Male,54,134,56
2559,Female,42,99,5
2560,Female,43,100,87
2561,Female,56,131,76
2562,Female,37,122,34
2563,Female,50,89,61
2564,Male,31,133,87
2565,Female,53,21,80
2566,Female,34,89,62
2567,Female,38,72,69
2568,Female,63,30,63
2569,Female,33,41,44
2570,Male,63,65,28
2571,Female,33,89,70
2572,Male,37,101,13
2573,Male,46,137,43
2574,Male,45,90,30
2575,Male,25,54,26
2576,Female,41,81,81
2577,Male,20,144,63
2578,Male,42,116,73
2579,Female,36,107,57
2580,Female,50,124,64
2581,Female,19,96,80
2582,Male,32,92,49
2583,Female,39,16,52
2584,Female,27,79,63
2585,Male,35,34,82
2586,Female,39,48,13
2587,Female,63,55,93
2588,Female,66,37,88
2589,Female,44,52,45
2590,Male,30,81,46
2591,Female,50,76,77
2592,Female,22,44,89
2593,Male,43,101,41
2594,Female,30,132,46
2595,Male,44,20,1
2596,Female,31,89,73
2597,Male,41,146,68
2598,Male,20,107,92
2599,Male,64,24,12
2600,Male,68,65,88
2601,Female,66,107,73
2602,Male,47,52,35
2603,Female,52,143,99
2604,Male,65,116,33
2605,Male,31,95,58
2606,Male,29,97,35
2607,Female,45,45,46
2608,Male,61,35,84
2609,Female,46,145,66
2610,Female,60,140,44
2611,Female,34,49,26
2612,Female,57,59,42
2613,Female,66,73,77
2614,Female,38,26,30
2615,Female,40,47,32
2616,Female,37,35,36
2617,Female,28,74,19
2618,Male,51,66,22
2619,Male,27,137,65
2620,Male,27,120,57
2621,Male,60,114,11
2622,Male,23,85,26
2623,Female,53,149,48
2624,Female,41,76,19
2625,Female,29,102,83
2626,Female,60,38,12
2627,Female,40,54,67
2628,Female,44,90,56
2629,Female,62,23,18
2630,Male,54,17,5
2631,Male,23,35,24
2632,Male,18,109,78
2633,Male,23,30,38
2634,Female,67,121,67
2635,Female,39,107,70
2636,Female,58,147,76
2637,Male,41,93,52
2638,Female,42,84,75
2639,Female,32,62,39
2640,Female,43,29,59
2641,Male,25,48,26
2642,Female,68,74,65
2643,Male,41,16,80
2644,Male,65,94,48
2645,Male,55,33,53
2646,Male,23,63,9
2647,Female,52,92,5
2648,Male,59,42,72
2649,Male,18,62,61
2650,Female,63,110,21
2651,Female,53,123,97
2652,Male,29,87,63
2653,Female,55,114,20
2654,Male,28,43,58
2655,Male,29,72,45
2656,Male,59,62,22
2657,Male,67,37,77
2658,Female,56,41,75
2659,Male,24,21,82
2660,Female,28,63,63
2661,Female,53,123,30
2662,Female,69,82,63
2663,Female,48,87,97
2664,Male,50,115,44
2665,Female,30,22,67
2666,Male,35,67,58
2667,Female,58,149,65
2668,Female,41,17,36
2669,Male,26,92,6
2670,Male,48,100,37
2671,Male,58,60,93
2672,Female,27,104,75
2673,Female,19,23,55
2674,Male,55,129,77
2675,Male,32,144,75
2676,Male,20,89,59
2677,Male,60,95,38
2678,Female,48,142,25
2679,Male,23,48,79
2680,Male,20,53,77
2681,Male,28,27,33
2682,Male,32,147,13
2683,Female,62,64,38
2684,Male,69,37,58
2685,Female,45,136,88
2686,Male,27,134,20
2687,Male,55,102,17
2688,Female,64,126,24
2689,Male,67,125,26
2690,Female,67,86,40
2691,Female,24,71,32
2692,Male,32,15,93
2693,Female,35,127,78
2694,Female,35,76,37
2695,Female,69,61,86
2696,Female,58,92,98
2697,Female,41,120,91
2698,Female,19,140,92
2699,Female,57,19,86
2700,Female,37,45,60
2701,Male,51,51,57
2702,Male,60,93,58
2703,Female,43,66,67
2704,Male,24,57,22
2705,Female,55,54,58
2706,Female,47,77,85
2707,Male,59,144,80
2708,Female,22,101,73
2709,Female,28,87,77
2710,Female,18,118,74
2711,Female,51,30,49
2712,Male,18,73,85
2713,Female,36,61,49
2714,Female,19,130,42
2715,Female,38,123,40
2716,Male,37,23,71
2717,Female,40,79,46
2718,Male,38,73,22
2719,Male,41,116,82
2720,Female,21,137,21
2721,Female,29,105,51
2722,Male,39,110,14
2723,Female,37,72,74
2724,Male,35,46,97
2725,Male,18,62,9
2726,Female,47,59,18
2727,Female,50,114,13
2728,Male,41,114,17
2729,Male,31,60,87
2730,Male,53,140,25
2731,Male,22,60,54
2732,Female,28,135,16
2733,Female,41,102,24
2734,Female,48,75,95
2735,Female,30,60,75
2736,Female,33,95,23
2737,Male,41,59,41
2738,Female,30,132,86
2739,Female,41,61,33
2740,Female,43,37,42
2741,Female,19,75,48
2742,Female,33,27,18
2743,Male,55,21,63
2744,Male,63,42,78
2745,Male,18,110,92
2746,Female,66,121,11
2747,Male,28,112,24
2748,Male,68,126,61
2749,Female,52,15,64
2750,Female,60,57,36
2751,Female,46,56,83
2752,Male,54,109,77
2753,Male,34,143,97
2754,Female,56,65,53
2755,Female,59,29,83
2756,Male,45,139,47
2757,Male,46,101,52
2758,Female,60,67,96
2759,Female,20,103,79
2760,Male,69,120,57
2761,Female,27,20,75
2762,Male,59,45,23
2763,Male,31,54,59
2764,Male,29,83,69
2765,Male,64,149,56
2766,Female,59,27,86
2767,Female,47,18,42
2768,Male,49,17,18
2769,Male,49,79,71
2770,Male,59,41,33
2771,Male,49,121,3
2772,Male,43,64,28
2773,Female,68,31,1
2774,Female,18,46,63
2775,Female,59,31,47
2776,Female,19,48,37
2777,Male,34,49,86
2778,Male,47,64,48
2779,Male,56,117,19
2780,Male,24,47,14
2781,Male,69,103,67
2782,Female,44,143,83
2783,Male,26,99,97
2784,Female,39,73,85
2785,Female,51,24,65
2786,Female,63,71,26
2787,Female,66,80,10
2788,Male,18,133,99
2789,Female,26,126,77
2790,Female,37,29,70
2791,Female,36,27,43
2792,Male,53,128,70
2793,Male,57,132,99
2794,Male,62,128,80
2795,Female,21,48,72
2796,Female,26,115,59
2797,Male,58,39,3
2798,Female,39,126,5
2799,Male,35,68,85
2800,Male,29,26,95
2801,Female,59,140,78
2802,Female,60,45,83
2803,Female,56,92,37
2804,Female,26,67,84
2805,Male,23,126,52
2806,Male,36,57,66
2807,Male,65,56,63
2808,Male,64,138,7
2809,Male,24,81,97
2810,Female,33,80,53
2811,Male,22,97,6
2812,Male,33,108,7
2813,Male,18,119,44
2814,Female,68,45,18
2815,Female,54,132,54
2816,Female,56,42,29
2817,Female,36,18,83
2818,Male,54,32,25
2819,Male,34,61,63
2820,Female,43,23,68
2821,Female,39,43,13
2822,Male,25,106,32
2823,Male,50,78,27
2824,Female,19,125,51
2825,Female,47,138,34
2826,Female,64,124,28
2827,Female,37,132,73
2828,Male,35,114,72
2829,Male,60,45,85
2830,Male,27,95,30
2831,Female,41,60,93
2832,Female,21,63,9
2833,Male,54,56,13
2834,Male,21,126,82
2835,Male,30,41,64
2836,Male,42,102,38
2837,Female,30,135,22
2838,Male,35,17,31
2839,Male,41,74,99
2840,Male,19,93,42
2841,Male,65,46,62
2842,Male,50,21,64
2843,Male,36,85,74
2844,Male,26,142,9
2845,Female,45,72,95
2846,Female,52,126,44
2847,Female,56,62,63
2848,Female,27,125,40
2849,Male,18,85,88
2850,Female,59,89,41
2851,Female,38,88,72
2852,Male,26,135,50
2853,Male,64,69,20
2854,Female,32,55,81
2855,Female,52,111,92
2856,Male,22,47,70
2857,Female,58,48,42
2858,Male,39,76,33
2859,Male,58,33,92
2860,Male,40,24,63
2861,Male,24,134,57
2862,Female,40,137,65
2863,Male,61,118,52
2864,Male,42,19,99
2865,Female,44,72,88
2866,Male,58,73,6
2867,Female,23,142,7
2868,Female,51,100,9
2869,Female,26,118,61
2870,Male,66,143,80
2871,Female,50,52,34
2872,Female,68,121,35
2873,Male,23,123,99
2874,Female,54,67,20
2875,Female,48,66,58
2876,Female,51,15,87
2877,Female,58,25,60
2878,Female,46,72,54
2879,Male,31,142,35
2880,Female,53,58,47
2881,Female,53,20,46
2882,Male,32,22,87
2883,Male,25,19,4
2884,Male,43,120,10
2885,Female,53,126,75
2886,Male,65,31,40
2887,Female,38,23,55
2888,Female,45,92,73
2889,Male,21,28,40
2890,Male,33,127,76
2891,Female,39,105,81
2892,Male,29,39,96
2893,Female,33,112,23
2894,Male,68,17,15
2895,Male,57,126,92
2896,Male,55,61,5
2897,Female,59,64,40
2898,Male,54,138,18
2899,Female,46,104,21
2900,Female,35,81,79
2901,Female,27,16,3
2902,Female,59,16,46
2903,Male,56,79,90
2904,Female,35,105,79
2905,Female,18,130,53
2906,Male,56,63,20
2907,Female,38,83,59
2908,Male,18,146,21
2909,Female,32,140,90
2910,Male,21,67,87
2911,Female,37,126,51
2912,Male,27,127,25
2913,Female,40,128,68
2914,Female,58,62,10
2915,Male,51,45,86
2916,Male,63,51,67
2917,Male,65,122,83
2918,Male,50,42,95
2919,Female,51,84,9
2920,Female,56,28,29
2921,Male,27,136,37
2922,Female,37,30,71
2923,Male,18,39,38
2924,Male,30,80,88
2925,Female,18,52,72
2926,Female,22,117,98
2927,Female,33,112,59
2928,Female,32,129,57
2929,Female,66,54,90
2930,Female,45,78,60
2931,Female,48,103,28
2932,Male,40,114,28
2933,Male,65,96,46
2934,Male,62,91,71
2935,Male,60,73,67
2936,Male,34,105,86
2937,Female,66,112,55
2938,Male,51,15,38
2939,Male,30,27,18
2940,Male,31,44,76
2941,Male,28,32,95
2942,Male,45,92,63
2943,Male,59,46,5
2944,Male,49,85,44
2945,Female,52,64,29
2946,Female,48,130,100
2947,Male,34,127,14
2948,Female,64,94,58
2949,Female,26,45,44
2950,Female,27,65,18
2951,Female,25,74,7
2952,Male,38,47,87
2953,Female,30,141,97
2954,Female,67,140,62
2955,Female,22,55,45
2956,Male,23,33,16
2957,Male,47,55,64
2958,Male,48,99,37
2959,Male,34,103,25
2960,Male,28,56,9
2961,Male,37,134,55
2962,Male,65,37,28
2963,Female,26,47,9
2964,Female,19,34,12
2965,Female,54,104,18
2966,Male,18,118,91
2967,Male,21,26,90
2968,Male,53,65,56
2969,Male,42,20,90
2970,Male,20,105,74
2971,Female,26,83,58
2972,Female,39,137,81
2973,Male,40,129,51
2974,Male,29,125,32
2975,Male,27,75,88
2976,Male,51,121,48
2977,Female,60,92,8
2978,Male,27,109,30
2979,Male,47,88,26
2980,Male,39,62,24
2981,Male,23,110,27
2982,Female,67,45,79
2983,Male,19,48,92
2984,Male,47,101,75
2985,Female,19,149,39
2986,Female,49,97,66
2987,Female,59,149,51
2988,Male,33,61,73
2989,Male,29,143,50
2990,Female,18,139,45
2991,Female,25,91,87
2992,Female,65,17,33
2993,Female,67,106,19
2994,Female,30,114,13
2995,Female,32,141,78
2996,Male,61,82,96
2997,Male,25,147,22
2998,Male,27,104,20
2999,Female,63,103,97
3000,Female,22,24,5
3001,Female,67,22,84
3002,Female,36,26,78
3003,Female,64,78,91
3004,Female,55,132,90
3005,Male,28,73,32
3006,Male,60,64,30
3007,Female,37,54,91
3008,Male,37,136,26
3009,Female,38,111,82
3010,Male,35,141,87
3011,Female,67,101,88
3012,Female,27,91,4
3013,Male,51,135,67
3014,Male,43,125,43
3015,Female,47,143,30
3016,Female,26,55,16
3017,Male,63,37,71
3018,Male,68,92,39
3019,Female,48,25,86
3020,Male,59,85,41
3021,Female,21,40,31
3022,Female,23,44,49
3023,Female,31,116,13
3024,Female,21,83,41
3025,Male,43,147,93
3026,Male,64,75,28
3027,Male,65,120,64
3028,Male,56,37,19
3029,Male,34,127,87
3030,Male,36,44,72
3031,Male,68,81,25
3032,Female,66,145,38
3033,Male,23,135,99
3034,Male,46,97,90
3035,Female,28,76,3
3036,Male,33,71,2
3037,Male,47,15,5
3038,Female,42,116,61
3039,Male,57,83,20
3040,Male,28,73,76
3041,Male,24,60,38
3042,Female,43,120,80
3043,Male,39,48,36
3044,Male,42,115,46
3045,Female,36,111,93
3046,Male,48,43,99
3047,Female,43,137,37
3048,Female,59,87,54
3049,Male,58,18,21
3050,Female,53,52,21
3051,Female,40,34,92
3052,Male,64,127,70
3053,Female,30,37,84
3054,Female,42,125,60
3055,Male,19,59,36
3056,Male,19,111,77
3057,Male,33,47,11
3058,Female,26,149,88
3059,Male,45,36,83
3060,Female,30,147,87
3061,Female,52,29,31
3062,Female,58,35,37
3063,Female,30,140,60
3064,Female,48,103,61
3065,Female,38,31,67
3066,Female,49,70,98
3067,Male,51,64,29
3068,Male,25,149,67
3069,Female,58,132,79
3070,Female,65,136,71
3071,Male,19,64,67
3072,Female,55,74,16
3073,Male,49,139,45
3074,Male,57,130,34
3075,Male,45,149,84
3076,Female,54,102,44
3077,Female,58,119,97
3078,Male,18,69,78
3079,Male,58,78,42
3080,Male,27,110,35
3081,Male,21,58,75
3082,Male,52,144,84
3083,Female,27,64,30
3084,Male,64,125,53
3085,Female,28,113,58
3086,Male,31,98,28
3087,Female,55,44,15
3088,Female,29,79,38
3089,Female,62,38,50
3090,Female,34,104,13
3091,Female,33,120,35
3092,Female,52,91,24
3093,Male,19,82,65
3094,Female,28,123,88
3095,Male,58,111,91
3096,Female,20,147,18
3097,Female,46,106,58
3098,Male,35,102,26
3099,Female,37,64,29
3100,Male,64,117,72
3101,Male,31,126,44
3102,Male,51,60,90
3103,Male,66,25,5
3104,Female,48,26,33
3105,Female,57,78,5
3106,Male,59,22,36
3107,Female,35,23,77
3108,Female,47,144,81
3109,Male,42,92,13
3110,Female,36,16,25
3111,Male,25,88,58
3112,Male,45,145,2
3113,Female,25,148,88
3114,Female,48,101,36
3115,Female,20,19,25
3116,Male,20,145,34
3117,Male,61,28,12
3118,Female,39,138,19
3119,Female,34,57,94
3120,Female,53,42,37
3121,Female,34,38,1
3122,Male,31,31,60
3123,Female,68,97,67
3124,Male,26,59,49
3125,Male,47,88,90
3126,Female,38,75,79
3127,Female,29,52,46
3128,Female,54,80,48
3129,Male,49,47,92
3130,Female,28,57,68
3131,Female,37,126,19
3132,Male,52,49,88
3133,Female,64,51,40
3134,Male,63,114,6
3135,Female,28,37,80
3136,Male,69,103,96
3137,Female,25,29,94
3138,Female,21,146,63
3139,Male,44,36,35
3140,Male,61,92,72
3141,Female,57,86,61
3142,Male,55,112,5
3143,Male,64,104,37
3144,Male,47,123,76
3145,Male,61,108,89
3146,Female,65,94,97
3147,Female,65,108,88
3148,Male,44,94,11
3149,Male,38,52,99
3150,Male,69,148,40
3151,Male,37,148,65
3152,Female,21,40,8
3153,Female,28,115,87
3154,Male,30,89,84
3155,Male,26,52,96
3156,Male,21,97,11
3157,Female,29,70,71
3158,Male,26,119,58
3159,Female,30,45,94
3160,Male,65,72,48
3161,Female,43,87,13
3162,Male,55,146,60
3163,Female,59,24,49
3164,Male,30,87,67
3165,Male,56,29,7
3166,Male,45,112,77
3167,Female,36,77,25
3168,Male,41,33,23
3169,Female,36,127,51
3170,Female,66,77,47
3171,Male,30,130,97
3172,Male,30,35,5
3173,Male,45,95,96
3174,Female,19,80,94
3175,Male,27,79,95
3176,Female,39,57,13
3177,Female,30,71,42
3178,Male,26,51,5
3179,Male,50,134,23
3180,Male,31,83,62
3181,Male,65,70,1
3182,Male,37,133,74
3183,Male,32,69,91
3184,Female,49,52,54
3185,Female,50,29,72
3186,Female,34,91,3
3187,Male,41,67,83
3188,Female,47,21,64
3189,Female,30,69,51
3190,Female,64,66,2
3191,Female,65,18,49
3192,Female,33,57,31
3193,Male,19,54,74
3194,Male,34,135,80
3195,Female,49,44,84
3196,Female,60,117,3
3197,Female,25,21,35
3198,Male,69,123,98
3199,Male,20,34,85
3200,Female,29,63,36
3201,Male,37,110,64
3202,Male,33,73,32
3203,Female,31,104,18
3204,Male,33,40,34
3205,Male,66,50,56
3206,Female,60,140,67
3207,Male,66,57,53
3208,Male,68,113,67
3209,Female,50,47,91
3210,Male,47,114,66
3211,Male,29,111,64
3212,Female,32,59,67
3213,Female,35,102,81
3214,Female,45,109,39
3215,Male,40,31,38
3216,Female,31,36,40
3217,Male,47,104,19
3218,Female,50,92,83
3219,Male,62,128,5
3220,Female,32,82,69
3221,Female,24,124,14
3222,Female,32,139,91
3223,Female,69,71,49
3224,Male,59,69,64
3225,Female,63,96,100
3226,Female,55,121,57
3227,Male,63,116,35
3228,Female,61,125,85
3229,Male,28,121,5
3230,Female,46,116,88
3231,Female,48,17,39
3232,Female,42,39,24
3233,Male,69,89,40
3234,Female,41,75,50
3235,Female,36,137,77
3236,Female,19,69,58
3237,Male,39,53,1
3238,Male,37,97,43
3239,Female,50,48,39
3240,Male,25,127,10
3241,Female,42,41,2
3242,Female,63,45,63
3243,Female,26,97,16
3244,Female,51,24,37
3245,Female,40,54,16
3246,Female,22,68,87
3247,Female,42,149,90
3248,Male,25,18,80
3249,Male,33,20,27
3250,Male,65,87,63
3251,Male,62,72,94
3252,Male,69,91,64
3253,Male,32,33,97
3254,Male,18,76,32
3255,Female,39,85,9
3256,Female,20,39,11
3257,Female,55,141,70
3258,Female,31,72,30
3259,Male,53,134,15
3260,Male,35,125,59
3261,Female,64,90,48
3262,Female,58,84,94
3263,Male,35,80,82
3264,Female,20,134,76
3265,Female,27,101,60
3266,Female,66,136,68
3267,Female,56,63,57
3268,Male,64,62,64
3269,Female,18,129,54
3270,Female,44,101,80
3271,Male,44,21,87
3272,Male,28,91,75
3273,Female,66,135,54
3274,Male,22,138,59
3275,Female,24,139,88
3276,Female,36,26,86
3277,Male,46,85,39
3278,Female,32,15,15
3279,Female,52,133,79
3280,Female,64,125,74
3281,Female,54,78,28
3282,Male,29,57,36
3283,Male,47,55,54
3284,Female,37,129,17
3285,Male,54,53,100
3286,Female,20,15,86
3287,Female,26,55,87
3288,Female,58,102,93
3289,Female,56,112,22
3290,Female,43,102,75
3291,Male,19,93,36
3292,Female,40,85,29
3293,Male,40,113,55
3294,Male,38,101,42
3295,Female,33,15,32
3296,Female,26,126,14
3297,Female,30,88,18
3298,Female,45,79,38
3299,Female,44,83,34
3300,Male,68,81,45
3301,Female,69,64,87
3302,Female,34,72,32
3303,Male,55,67,67
3304,Male,53,105,63
3305,Female,18,129,55
3306,Male,35,132,43
3307,Female,68,71,22
3308,Male,26,100,87
3309,Male,30,32,68
3310,Female,57,30,77
3311,Male,62,144,96
3312,Male,32,27,29
3313,Male,60,94,40
3314,Male,61,57,45
3315,Male,63,68,10
3316,Male,21,87,77
3317,Female,50,62,45
3318,Female,41,32,17
3319,Male,53,25,2
3320,Female,68,98,17
3321,Female,58,33,90
3322,Female,27,114,38
3323,Male,53,130,37
3324,Female,37,104,63
3325,Male,58,88,5
3326,Female,62,38,25
3327,Male,61,27,73
3328,Male,28,139,92
3329,Female,29,130,22
3330,Female,35,85,93
3331,Male,47,140,63
3332,Female,61,133,35
3333,Female,65,105,55
3334,Female,54,99,20
3335,Male,37,122,5
3336,Male,42,141,39
3337,Female,29,135,63
3338,Female,38,143,32
3339,Female,42,20,63
3340,Male,28,92,74
3341,Male,26,52,40
3342,Female,67,130,17
3343,Female,42,116,79
3344,Female,52,22,73
3345,Female,69,92,32
3346,Female,49,126,23
3347,Female,66,69,75
3348,Male,31,62,60
3349,Female,18,102,77
3350,Male,34,24,82
3351,Female,42,66,56
3352,Female,25,48,9
3353,Male,22,75,69
3354,Male,22,93,62
3355,Male,58,32,64
3356,Male,52,85,22
3357,Female,36,100,32
3358,Male,40,46,47
3359,Female,26,57,2
3360,Male,47,97,85
3361,Female,67,83,92
3362,Female,33,64,52
3363,Female,50,26,88
3364,Female,19,99,88
3365,Female,31,137,14
3366,Female,63,72,37
3367,Male,18,97,27
3368,Female,43,126,24
3369,Male,42,142,64
3370,Male,33,50,70
3371,Female,32,68,26
3372,Male,43,61,54
3373,Female,64,129,15
3374,Male,61,138,29
3375,Female,33,110,100
3376,Male,31,121,74
3377,Female,46,134,28
3378,Female,41,115,59
3379,Female,64,117,73
3380,Female,32,46,21
3381,Male,36,80,10
3382,Female,25,25,4
3383,Male,51,51,62
3384,Male,19,116,4
3385,Male,44,63,6
3386,Female,27,33,90
3387,Male,52,21,80
3388,Male,40,147,72
3389,Male,66,56,92
3390,Female,25,102,16
3391,Female,45,149,38
3392,Male,40,25,49
3393,Female,21,55,61
3394,Female,31,17,65
3395,Male,59,54,83
3396,Male,46,65,50
3397,Female,18,46,17
3398,Male,21,62,28
3399,Female,49,85,44
3400,Female,50,103,12
3401,Female,66,123,70
3402,Female,43,49,71
3403,Female,34,122,72
3404,Female,56,54,3
3405,Male,40,66,49
3406,Male,49,126,21
3407,Female,69,53,8
3408,Female,32,82,64
3409,Female,30,90,92
3410,Male,19,79,59
3411,Female,36,76,30
3412,Male,41,16,32
3413,Female,62,148,75
3414,Female,41,136,20
3415,Male,28,89,16
3416,Male,39,54,25
3417,Female,32,103,60
3418,Female,27,42,45
3419,Female,58,94,9
3420,Male,44,77,51
3421,Male,26,55,61
3422,Male,69,43,40
3423,Male,45,37,61
3424,Male,18,94,67
3425,Male,34,65,80
3426,Female,48,126,76
3427,Female,61,119,15
3428,Male,27,59,53
3429,Female,54,104,4
3430,Female,46,149,23
3431,Male,35,103,27
3432,Female,64,29,37
3433,Male,55,91,77
3434,Male,56,120,43
3435,Female,66,104,37
3436,Male,23,101,85
3437,Male,57,75,29
3438,Male,29,122,29
3439,Male,31,75,49
3440,Male,61,65,75
3441,Male,27,26,51
3442,Male,37,91,50
3443,Male,32,126,28
3444,Female,48,80,74
3445,Female,24,129,5
3446,Female,58,44,56
3447,Male,27,119,64
3448,Male,27,45,89
3449,Female,65,27,97
3450,Female,56,142,17
3451,Female,45,115,97
3452,Male,47,81,89
3453,Female,54,94,97
3454,Female,20,117,55
3455,Male,67,33,9
3456,Female,60,46,91
3457,Male,32,79,89
3458,Male,38,41,68
3459,Male,69,61,73
3460,Female,54,26,79
3461,Female,29,99,16
3462,Male,21,80,16
3463,Female,64,147,13
3464,Female,26,124,78
3465,Female,56,96,86
3466,Female,59,139,85
3467,Male,45,77,73
3468,Female,40,86,63
3469,Male,62,112,41
3470,Male,57,87,53
3471,Female,61,85,68
3472,Male,39,44,74
3473,Female,41,139,99
3474,Female,68,30,9
3475,Male,43,147,51
3476,Male,47,61,48
3477,Male,50,115,80
3478,Male,33,121,49
3479,Female,39,140,18
3480,Female,66,36,10
3481,Female,67,97,85
3482,Male,60,74,54
3483,Male,35,72,79
3484,Male,24,17,15
3485,Female,67,59,11
3486,Male,43,64,40
3487,Female,25,16,47
3488,Male,23,29,20
3489,Female,47,110,98
3490,Female,56,99,22
3491,Male,40,125,48
3492,Male,49,37,82
3493,Female,39,113,16
3494,Female,59,51,5
3495,Male,60,121,65
3496,Male,62,55,83
3497,Female,26,71,74
3498,Male,48,111,21
3499,Female,24,39,61
3500,Female,26,124,77
3501,Male,30,51,55
3502,Male,20,54,24
3503,Male,52,99,23
3504,Male,50,60,87
3505,Male,38,116,11
3506,Female,48,112,47
3507,Female,69,33,2
3508,Male,51,105,70
3509,Male,49,83,53
3510,Male,52,19,11
3511,Female,32,62,15
3512,Male,49,126,73
3513,Male,23,32,12
3514,Female,62,45,36
3515,Female,38,143,92
3516,Male,50,145,23
3517,Male,49,39,27
3518,Male,69,22,88
3519,Female,36,76,14
3520,Male,50,149,54
3521,Male,45,21,99
3522,Male,48,33,27
3523,Female,38,125,21
3524,Female,51,25,49
3525,Male,32,55,62
3526,Male,31,128,77
3527,Female,36,106,72
3528,Female,60,89,44
3529,Female,32,81,44
3530,Female,23,19,98
3531,Female,69,130,61
3532,Female,26,132,42
3533,Female,54,25,23
3534,Female,37,58,73
3535,Female,51,91,1
3536,Male,55,132,36
3537,Male,43,130,55
3538,Male,35,81,16
3539,Female,45,27,89
3540,Male,68,106,18
3541,Female,26,25,98
3542,Female,49,99,38
3543,Male,23,99,67
3544,Female,31,149,20
3545,Male,45,31,19
3546,Male,41,62,13
3547,Male,30,111,17
3548,Female,60,89,78
3549,Male,29,91,30
3550,Female,68,142,86
3551,Male,36,51,43
3552,Male,38,44,48
3553,Male,44,61,43
3554,Female,36,149,93
3555,Female,41,62,66
3556,Female,43,148,53
3557,Male,62,48,72
3558,Male,45,115,78
3559,Female,63,60,34
3560,Female,35,84,77
3561,Female,61,38,74
3562,Female,53,81,72
3563,Female,59,18,71
3564,Female,46,15,13
3565,Male,34,48,90
3566,Female,21,123,56
3567,Male,61,23,59
3568,Male,62,77,32
3569,Female,46,24,83
3570,Female,21,58,79
3571,Male,27,132,54
3572,Female,42,20,2
3573,Female,48,135,37
3574,Male,20,109,83
3575,Male,64,125,97
3576,Male,19,119,33
3577,Female,42,78,1
3578,Male,66,85,28
3579,Female,23,118,17
3580,Male,43,103,57
3581,Male,25,20,70
3582,Male,52,124,52
3583,Female,44,126,44
3584,Female,42,141,84
3585,Male,35,77,47
3586,Male,18,32,13
3587,Male,65,91,76
3588,Female,56,117,30
3589,Male,20,131,85
3590,Female,21,31,66
3591,Male,58,28,53
3592,Male,54,71,18
3593,Male,68,107,28
3594,Male,32,148,4
3595,Male,25,128,42
3596,Male,55,146,6
3597,Female,67,123,9
3598,Male,36,133,20
3599,Female,64,106,94
3600,Male,43,25,38
3601,Male,56,113,68
3602,Female,27,22,50
3603,Male,55,128,60
3604,Female,31,79,13
3605,Female,66,107,99
3606,Male,58,118,94
3607,Female,36,113,42
3608,Female,47,98,68
3609,Male,22,87,25
3610,Female,48,73,31
3611,Male,24,45,12
3612,Male,36,78,64
3613,Male,48,62,79
3614,Male,69,37,61
3615,Female,56,69,53
3616,Male,41,21,26
3617,Male,51,126,61
3618,Female,40,120,10
3619,Male,65,112,12
3620,Male,62,26,22
3621,Female,57,74,53
3622,Female,23,66,21
3623,Female,55,86,35
3624,Female,58,139,71
3625,Female,53,74,82
3626,Female,44,45,27
3627,Female,28,91,60
3628,Male,22,90,99
3629,Female,34,75,47
3630,Female,69,16,66
3631,Female,24,135,96
3632,Male,44,73,15
3633,Male,64,54,24
3634,Female,32,46,84
3635,Female,63,52,10
3636,Female,30,106,88
3637,Male,28,102,24
3638,Male,62,99,88
3639,Female,43,90,57
3640,Male,39,142,34
3641,Female,45,27,41
3642,Male,41,53,40
3643,Male,46,37,11
3644,Female,26,124,90
3645,Female,59,121,1
3646,Female,21,106,30
3647,Female,66,38,43
3648,Male,63,48,82
3649,Male,35,126,26
3650,Male,60,132,53
3651,Female,33,21,47
3652,Male,50,104,9
3653,Female,46,27,9
3654,Male,56,94,1
3655,Female,27,44,71
3656,Female,26,147,44
3657,Male,48,30,59
3658,Female,45,54,56
3659,Female,20,51,51
3660,Male,31,92,16
3661,Female,42,30,38
3662,Female,32,57,11
3663,Female,19,77,25
3664,Male,41,29,93
3665,Male,31,79,83
3666,Female,65,58,82
3667,Male,24,34,59
3668,Female,53,133,29
3669,Female,67,126,80
3670,Female,41,137,40
3671,Female,44,94,8
3672,Female,54,114,98
3673,Male,55,20,6
3674,Female,47,97,45
3675,Male,44,45,53
3676,Male,56,80,94
3677,Female,32,32,98
3678,Female,43,42,21
3679,Male,18,82,57
3680,Male,21,128,76
3681,Male,46,72,6
3682,Female,18,143,63
3683,Male,60,53,6
3684,Female,67,120,53
3685,Female,63,15,4
3686,Female,39,89,9
3687,Male,28,102,69
3688,Female,27,74,74
3689,Female,34,144,72
3690,Female,53,124,87
3691,Female,64,33,4
3692,Female,43,76,58
3693,Male,65,85,37
3694,Female,38,125,71
3695,Female,30,147,6
3696,Male,26,86,51
3697,Female,28,92,79
3698,Male,28,114,99
3699,Female,23,85,50
3700,Male,18,21,96
3701,Male,23,64,14
3702,Female,30,60,99
3703,Female,39,86,11
3704,Female,48,90,10
3705,Male,39,88,61
3706,Male,54,87,81
3707,Male,64,116,13
3708,Female,44,108,34
3709,Male,67,83,60
3710,Male,69,79,51
3711,Female,31,76,5
3712,Male,64,34,74
3713,Male,22,58,32
3714,Female,53,76,12
3715,Male,49,121,52
3716,Female,51,139,13
3717,Female,24,59,85
3718,Female,59,25,54
3719,Female,65,102,97
3720,Female,27,60,54
3721,Male,67,126,41
3722,Male,34,95,48
3723,Female,47,46,51
3724,Female,38,112,47
3725,Male,30,19,50
3726,Female,18,43,96
3727,Female,18,62,76
3728,Female,64,30,46
3729,Male,50,86,99
3730,Male,55,43,100
3731,Female,42,60,38
3732,Female,43,37,92
3733,Male,30,108,13
3734,Male,45,128,76
3735,Female,50,48,22
3736,Female,54,131,2
3737,Male,58,43,93
3738,Male,47,23,77
3739,Male,66,53,99
3740,Female,65,149,13
3741,Male,25,124,57
3742,Female,66,83,34
3743,Male,64,110,19
3744,Male,18,133,9
3745,Male,29,132,95
3746,Male,22,32,33
3747,Female,41,116,27
3748,Female,23,124,45
3749,Male,42,96,2
3750,Female,18,119,79
3751,Male,42,30,83
3752,Male,18,35,57
3753,Male,49,120,95
3754,Male,59,146,57
3755,Female,59,58,16
3756,Male,20,137,79
3757,Male,66,125,6
3758,Female,36,131,14
3759,Male,60,140,27
3760,Male,46,33,38
3761,Male,67,78,19
3762,Female,19,54,37
3763,Male,26,65,4
3764,Female,34,70,58
3765,Male,63,95,90
3766,Male,53,84,9
3767,Female,34,142,40
3768,Male,66,140,15
3769,Male,29,75,4
3770,Female,37,94,90
3771,Female,67,135,52
3772,Female,20,115,18
3773,Female,60,91,53
3774,Female,67,140,59
3775,Male,21,36,99
3776,Female,34,97,54
3777,Male,67,92,41
3778,Male,54,109,60
3779,Male,63,123,93
3780,Female,59,124,88
3781,Female,32,66,4
3782,Male,50,117,85
3783,Female,33,115,39
3784,Female,28,77,7
3785,Female,37,42,23
3786,Female,55,60,85
3787,Male,41,42,63
3788,Male,33,16,65
3789,Female,47,141,41
3790,Male,51,31,89
3791,Female,18,73,95
3792,Female,41,146,44
3793,Male,41,91,45
3794,Male,26,145,69
3795,Male,39,129,95
3796,Female,29,111,51
3797,Male,34,119,65
3798,Female,42,38,54
3799,Male,45,49,56
3800,Male,32,16,94
3801,Female,47,47,82
3802,Female,68,90,72
3803,Female,44,100,90
3804,Female,39,95,40
3805,Female,27,76,58
3806,Female,48,57,15
3807,Female,44,135,19
3808,Female,29,73,10
3809,Male,63,23,88
3810,Female,48,91,16
3811,Female,49,77,43
3812,Male,49,66,31
3813,Female,58,37,16
3814,Male,62,44,80
3815,Male,52,35,28
3816,Female,63,57,62
3817,Male,38,149,20
3818,Female,27,30,35
3819,Male,33,37,59
3820,Male,24,101,9
3821,Male,21,45,10
3822,Female,44,135,45
3823,Female,69,83,82
3824,Male,42,148,15
3825,Male,48,129,30
3826,Female,28,73,48
3827,Female,65,91,96
3828,Male,37,21,40
3829,Male,53,51,91
3830,Female,34,100,91
3831,Female,62,30,83
3832,Female,28,130,74
3833,Female,47,132,44
3834,Female,52,28,46
3835,Male,58,101,6
3836,Female,55,118,24
3837,Male,39,58,73
3838,Female,60,42,91
3839,Male,65,30,7
3840,Female,68,64,6
3841,Female,44,129,33
3842,Male,54,82,85
3843,Male,63,106,38
3844,Female,66,135,44
3845,Female,52,30,17
3846,Female,21,67,31
3847,Female,33,63,37
3848,Female,33,76,11
3849,Male,38,98,92
3850,Male,43,70,5
3851,Female,53,134,64
3852,Male,36,104,76
3853,Male,34,134,3
3854,Male,62,87,56
3855,Female,43,83,63
3856,Male,39,112,38
3857,Female,45,16,54
3858,Male,18,67,2
3859,Female,61,133,90
3860,Male,53,21,2
3861,Female,60,89,12
3862,Female,54,109,40
3863,Male,19,17,2
3864,Female,34,93,80
3865,Female,57,31,94
3866,Female,55,126,57
3867,Female,38,66,47
3868,Female,26,21,36
3869,Female,30,126,4
3870,Female,28,147,75
3871,Female,33,68,24
3872,Male,33,75,82
3873,Male,19,123,91
3874,Female,59,30,62
3875,Female,61,61,2
3876,Male,25,62,15
3877,Male,60,135,75
3878,Male,59,78,91
3879,Female,30,64,49
3880,Male,34,55,87
3881,Female,56,36,35
3882,Female,41,129,94
3883,Male,20,19,47
3884,Female,47,115,24
3885,Female,69,92,83
3886,Female,30,55,60
3887,Female,36,106,93
3888,Male,24,36,77
3889,Male,26,67,48
3890,Female,36,107,23
3891,Female,62,24,12
3892,Male,57,63,41
3893,Female,39,85,29
3894,Male,35,33,70
3895,Female,40,69,51
3896,Female,19,35,23
3897,Male,67,40,31
3898,Male,67,42,21
3899,Male,28,54,24
3900,Male,48,43,72
3901,Female,50,34,9
3902,Male,31,34,22
3903,Female,33,88,4
3904,Male,28,134,77
3905,Male,50,111,98
3906,Female,24,134,3
3907,Male,48,39,28
3908,Male,65,18,90
3909,Male,63,18,98
3910,Male,64,40,15
3911,Female,31,93,8
3912,Female,45,104,48
3913,Male,60,85,99
3914,Male,33,90,88
3915,Male,36,113,52
3916,Female,34,141,55
3917,Female,43,46,37
3918,Female,23,23,4
3919,Female,60,92,55
3920,Male,66,27,12
3921,Male,26,138,19
3922,Male,67,110,79
3923,Female,34,97,57
3924,Male,48,32,94
3925,Female,29,107,37
3926,Female,40,38,76
3927,Male,22,116,83
3928,Male,60,74,98
3929,Male,53,74,7
3930,Female,53,114,92
3931,Female,20,15,55
3932,Male,41,57,28
3933,Male,34,69,93
3934,Female,56,48,37
3935,Male,43,48,84
3936,Female,21,124,61
3937,Female,62,98,75
3938,Male,29,104,39
3939,Male,18,93,23
3940,Male,38,85,52
3941,Male,36,85,84
3942,Female,38,128,84
3943,Female,69,43,11
3944,Female,35,111,66
3945,Male,60,67,13
3946,Female,69,78,77
3947,Male,20,75,41
3948,Male,66,122,49
3949,Male,61,51,15
3950,Male,49,149,56
3951,Male,27,22,54
3952,Male,57,92,31
3953,Female,32,82,61
3954,Male,22,35,58
3955,Female,21,108,87
3956,Female,45,89,60
3957,Male,69,92,53
3958,Male,68,80,86
3959,Male,21,68,61
3960,Female,32,114,80
3961,Male,34,35,42
3962,Female,61,67,29
3963,Male,20,97,84
3964,Male,27,18,92
3965,Female,64,69,27
3966,Female,59,29,44
3967,Male,40,78,93
3968,Female,35,126,5
3969,Female,18,132,52
3970,Female,52,34,53
3971,Female,48,78,52
3972,Female,61,47,38
3973,Male,18,95,44
3974,Male,20,140,53
3975,Female,20,83,2
3976,Male,54,108,54
3977,Male,36,82,84
3978,Female,46,101,77
3979,Male,42,35,90
3980,Female,50,77,35
3981,Female,53,99,46
3982,Male,46,148,72
3983,Female,43,38,92
3984,Female,21,125,79
3985,Female,66,109,55
3986,Female,31,97,72
3987,Female,67,116,11
3988,Male,44,92,29
3989,Male,50,138,69
3990,Female,39,134,63
3991,Female,65,29,47
3992,Male,20,97,7
3993,Female,40,20,64
3994,Male,38,81,82
3995,Female,58,136,64
3996,Female,40,98,92
3997,Female,21,125,12
3998,Female,38,78,12
3999,Female,54,140,36
4000,Female,60,42,29
4001,Female,48,112,11
4002,Male,38,27,53
4003,Male,43,100,70
4004,Male,58,35,85
4005,Female,52,77,74
4006,Female,55,125,96
4007,Female,41,90,47
4008,Female,28,87,33
4009,Female,58,21,81
4010,Female,46,86,67
4011,Female,64,143,43
4012,Male,20,145,18
4013,Female,18,118,74
4014,Male,69,42,53
4015,Male,36,57,39
4016,Female,63,111,72
4017,Female,66,60,34
4018,Male,39,15,37
4019,Male,31,116,41
4020,Female,66,49,97
4021,Female,31,68,49
4022,Male,61,38,10
4023,Female,33,36,40
4024,Female,50,30,18
4025,Female,30,27,25
4026,Male,55,114,41
4027,Male,66,114,36
4028,Male,29,76,2
4029,Female,68,101,83
4030,Female,55,92,74
4031,Male,56,81,49
4032,Male,50,105,67
4033,Male,50,47,53
4034,Female,46,129,19
4035,Male,22,33,26
4036,Male,23,138,54
4037,Female,48,134,51
4038,Female,33,111,25
4039,Female,48,38,17
4040,Male,42,41,74
4041,Female,65,89,61
4042,Female,63,37,46
4043,Male,50,55,55
4044,Female,30,70,50
4045,Male,69,112,75
4046,Male,27,20,11
4047,Female,41,54,12
4048,Female,27,56,40
4049,Female,58,46,48
4050,Female,48,24,56
4051,Female,30,83,8
4052,Female,20,23,88
4053,Male,67,83,14
4054,Male,69,113,87
4055,Female,51,88,56
4056,Male,66,117,54
4057,Female,45,137,100
4058,Male,36,116,17
4059,Male,40,22,45
4060,Male,62,33,5
4061,Female,49,16,3
4062,Male,30,69,9
4063,Female,50,31,84
4064,Male,51,75,20
4065,Male,50,145,83
4066,Male,22,100,21
4067,Male,20,49,80
4068,Male,24,117,33
4069,Female,41,80,5
4070,Female,39,15,24
4071,Male,62,149,63
4072,Male,40,133,79
4073,Male,47,148,26
4074,Male,35,69,89
4075,Female,49,114,92
4076,Male,24,35,33
4077,Female,50,65,18
4078,Male,22,114,18
4079,Female,66,22,38
4080,Male,45,82,33
4081,Male,25,121,27
4082,Female,32,81,49
4083,Male,69,16,50
4084,Male,21,15,15
4085,Male,51,15,77
4086,Female,22,116,52
4087,Male,50,129,98
4088,Male,22,149,68
4089,Female,55,102,99
4090,Female,51,106,19
4091,Female,43,32,95
4092,Male,18,102,25
4093,Male,21,47,76
4094,Male,56,87,76
4095,Female,43,42,25
4096,Male,50,101,33
4097,Male,50,67,60
4098,Female,25,58,37
4099,Female,37,94,92
4100,Female,33,28,43
4101,Female,38,117,9
4102,Female,62,50,14
4103,Male,43,48,3
4104,Female,40,102,69
4105,Male,35,30,56
4106,Male,48,55,26
4107,Female,69,39,53
4108,Female,59,140,41
4109,Female,29,22,82
4110,Male,18,126,21
4111,Female,59,108,39
4112,Female,26,98,80
4113,Female,20,82,23
4114,Female,68,81,93
4115,Female,43,125,74
4116,Male,26,32,58
4117,Male,59,70,69
4118,Male,68,49,75
4119,Female,33,148,29
4120,Female,41,132,62
4121,Female,67,40,53
4122,Male,31,75,45
4123,Female,20,102,27
4124,Female,51,29,34
4125,Female,50,105,14
4126,Male,67,46,41
4127,Female,41,147,74
4128,Male,26,78,60
4129,Female,30,100,42
4130,Male,19,59,51
4131,Male,24,49,75
4132,Male,65,40,11
4133,Female,38,37,35
4134,Female,36,145,19
4135,Male,42,43,88
4136,Male,64,78,65
4137,Female,39,127,76
4138,Female,28,148,61
4139,Male,50,132,47
4140,Female,49,81,14
4141,Female,38,122,67
4142,Female,56,100,52
4143,Female,37,43,32
4144,Male,25,74,80
4145,Female,59,68,10
4146,Female,54,107,17
4147,Male,26,83,40
4148,Male,42,131,68
4149,Female,42,23,63
4150,Female,50,140,15
4151,Female,19,91,97
4152,Female,36,24,39
4153,Male,63,116,57
4154,Male,37,72,10
4155,Male,59,127,71
4156,Female,58,120,97
4157,Female,59,49,17
4158,Female,46,117,76
4159,Female,23,117,17
4160,Male,34,111,16
4161,Male,42,120,78
4162,Female,55,85,3
4163,Male,21,91,51
4164,Female,47,68,94
4165,Female,37,35,46
4166,Male,20,125,55
4167,Female,40,89,99
4168,Female,68,28,26
4169,Male,35,16,76
4170,Female,43,122,31
4171,Female,53,92,81
4172,Male,25,62,72
4173,Female,34,105,19
4174,Male,48,31,90
4175,Female,54,26,68
4176,Male,62,40,15
4177,Male,50,51,58
4178,Male,44,84,78
4179,Female,62,93,30
4180,Male,21,104,48
4181,Male,39,55,56
4182,Male,43,143,42
4183,Male,49,31,24
4184,Male,41,67,52
4185,Female,63,132,43
4186,Female,52,123,34
4187,Female,54,91,60
4188,Female,49,94,83
4189,Female,24,59,3
4190,Female,50,32,68
4191,Female,48,113,11
4192,Male,29,82,13
4193,Female,28,97,50
4194,Male,41,64,82
4195,Male,25,39,19
4196,Female,49,135,44
4197,Male,55,82,33
4198,Male,39,70,38
4199,Male,51,53,3
4200,Male,36,77,99
4201,Female,69,142,65
4202,Female,37,149,35
4203,Female,31,136,36
4204,Female,50,73,38
4205,Female,27,62,39
4206,Female,33,147,25
4207,Female,21,50,64
4208,Female,44,102,13
4209,Female,45,39,68
4210,Female,60,33,70
4211,Male,33,149,75
4212,Female,69,80,1
4213,Male,50,94,72
4214,Male,65,139,54
4215,Male,36,117,98
4216,Male,38,143,9
4217,Female,39,145,36
4218,Male,26,141,37
4219,Female,26,35,59
4220,Female,26,140,21
4221,Male,44,138,20
4222,Female,34,25,1
4223,Male,61,36,99
4224,Male,62,125,59
4225,Female,25,139,28
4226,Female,33,71,71
4227,Male,35,103,56
4228,Female,50,145,9
4229,Female,18,142,65
4230,Female,29,59,36
4231,Male,23,50,98
4232,Male,58,101,34
4233,Female,22,132,81
4234,Female,33,86,32
4235,Female,35,82,66
4236,Female,66,117,100
4237,Female,35,43,25
4238,Male,18,119,51
4239,Female,36,87,63
4240,Male,25,133,90
4241,Female,20,99,45
4242,Male,42,103,26
4243,Female,22,103,21
4244,Male,57,90,82
4245,Female,36,130,93
4246,Male,35,67,51
4247,Male,67,78,24
4248,Male,48,45,92
4249,Male,50,50,12
4250,Male,64,24,11
4251,Male,35,40,27
4252,Female,56,34,23
4253,Male,33,139,33
4254,Female,33,58,80
4255,Female,64,76,92
4256,Female,55,93,92
4257,Female,58,23,38
4258,Female,24,85,55
4259,Male,31,104,70
4260,Male,60,38,42
4261,Male,65,74,29
4262,Female,42,98,34
4263,Male,49,134,57
4264,Male,55,92,3
4265,Male,39,30,6
4266,Male,33,43,48
4267,Male,69,133,64
4268,Female,46,49,13
4269,Male,33,57,36
4270,Female,29,110,79
4271,Female,34,133,70
4272,Female,54,67,33
4273,Female,44,34,76
4274,Female,42,129,57
4275,Male,30,22,55
4276,Male,25,136,13
4277,Male,22,56,97
4278,Female,29,91,51
4279,Male,58,84,92
4280,Male,20,125,53
4281,Female,52,30,36
4282,Female,50,83,5
4283,Female,39,67,25
4284,Female,67,20,81
4285,Male,61,137,37
4286,Female,26,47,19
4287,Female,58,29,35
4288,Male,35,28,34
4289,Male,67,77,54
4290,Female,46,19,46
4291,Male,56,135,6
4292,Female,44,104,83
4293,Female,53,121,1
4294,Male,62,30,71
4295,Male,34,113,34
4296,Female,51,67,56
4297,Female,63,91,83
4298,Female,20,107,97
4299,Male,22,112,26
4300,Female,31,112,42
4301,Female,20,73,91
4302,Female,40,40,38
4303,Female,56,17,26
4304,Female,47,114,99
4305,Male,67,61,59
4306,Female,62,19,84
4307,Female,40,76,24
4308,Female,44,98,21
4309,Female,27,147,60
4310,Male,42,94,90
4311,Male,30,77,20
4312,Male,33,39,6
4313,Female,58,58,67
4314,Female,51,28,10
4315,Male,54,100,12
4316,Male,39,33,97
4317,Male,34,116,22
4318,Female,40,34,62
4319,Female,53,93,61
4320,Male,66,112,80
4321,Male,26,135,17
4322,Male,69,31,10
4323,Female,19,64,12
4324,Female,49,24,83
4325,Female,67,72,40
4326,Male,39,109,23
4327,Male,60,121,40
4328,Female,30,47,74
4329,Male,25,60,74
4330,Female,18,143,50
4331,Male,34,76,10
4332,Male,29,101,94
4333,Male,21,87,4
4334,Male,30,15,1
4335,Female,48,35,43
4336,Male,58,36,83
4337,Female,24,18,5
4338,Female,40,79,94
4339,Female,41,77,90
4340,Male,22,50,34
4341,Female,22,43,66
4342,Female,34,83,24
4343,Female,47,125,14
4344,Male,26,114,41
4345,Male,23,55,42
4346,Female,42,62,13
4347,Male,36,144,29
4348,Female,33,125,65
4349,Female,38,76,46
4350,Male,19,121,34
4351,Female,27,120,63
4352,Male,33,146,4
4353,Male,54,127,28
4354,Female,32,82,83
4355,Male,30,103,1
4356,Male,30,92,36
4357,Female,49,89,13
4358,Female,62,39,5
4359,Male,64,21,97
4360,Male,63,127,14
4361,Female,25,50,80
4362,Male,60,24,32
4363,Male,35,127,50
4364,Male,53,50,27
4365,Male,43,32,35
4366,Male,27,148,3
4367,Male,48,149,4
4368,Male,50,116,7
4369,Female,46,39,77
4370,Female,22,47,3
4371,Female,30,101,81
4372,Female,18,87,59
4373,Female,40,20,74
4374,Male,57,81,1
4375,Male,20,107,28
4376,Male,20,122,59
4377,Male,24,40,53
4378,Female,53,52,10
4379,Male,52,117,71
4380,Male,32,56,3
4381,Female,57,80,7
4382,Male,20,56,9
4383,Male,46,52,99
4384,Female,47,120,90
4385,Male,56,110,69
4386,Male,35,84,13
4387,Male,28,52,94
4388,Male,60,111,40
4389,Male,66,122,62
4390,Female,55,133,62
4391,Female,57,88,10
4392,Female,18,71,87
4393,Female,46,124,11
4394,Female,27,93,76
4395,Female,45,50,62
4396,Male,48,71,77
4397,Female,36,143,56
4398,Female,20,17,49
4399,Male,53,28,16
4400,Male,60,48,73
4401,Female,32,84,74
4402,Male,50,83,93
4403,Female,58,118,9
4404,Male,60,43,33
4405,Female,68,62,88
4406,Male,62,108,35
4407,Male,43,93,75
4408,Female,33,131,39
4409,Female,53,81,77
4410,Female,50,146,87
4411,Female,37,89,25
4412,Female,30,42,80
4413,Male,50,135,56
4414,Female,22,23,48
4415,Female,54,148,85
4416,Male,31,137,10
4417,Male,44,63,41
4418,Female,40,105,83
4419,Male,31,139,99
4420,Male,57,90,59
4421,Female,21,118,28
4422,Male,56,47,41
4423,Male,69,67,66
4424,Female,36,54,51
4425,Female,64,32,62
4426,Male,21,27,30
4427,Male,47,88,40
4428,Female,36,110,40
4429,Male,48,119,69
4430,Male,48,145,62
4431,Male,26,81,15
4432,Female,30,47,100
4433,Male,31,16,3
4434,Male,63,89,24
4435,Female,27,88,41
4436,Male,65,149,63
4437,Male,48,40,48
4438,Female,54,142,61
4439,Female,40,41,48
4440,Female,44,149,47
4441,Female,23,143,56
4442,Male,43,35,76
4443,Male,19,93,8
4444,Female,62,108,78
4445,Female,30,22,18
4446,Male,68,97,84
4447,Female,67,17,23
4448,Male,36,69,69
4449,Female,18,50,65
4450,Male,57,20,46
4451,Female,49,135,66
4452,Female,39,56,80
4453,Male,65,64,69
4454,Female,46,126,22
4455,Male,19,64,65
4456,Male,57,44,12
4457,Male,55,53,19
4458,Male,65,130,22
4459,Male,28,73,55
4460,Female,34,90,62
4461,Female,68,146,51
4462,Male,60,62,48
4463,Female,25,95,17
4464,Male,39,63,13
4465,Female,21,81,28
4466,Female,28,91,67
4467,Female,25,35,5
4468,Female,26,119,100
4469,Male,43,86,60
4470,Male,19,30,15
4471,Female,33,42,81
4472,Female,48,94,44
4473,Male,23,71,46
4474,Female,38,124,29
4475,Male,43,66,68
4476,Male,36,98,96
4477,Male,45,62,49
4478,Female,25,141,43
4479,Male,31,112,68
4480,Female,41,132,77
4481,Male,65,107,20
4482,Female,61,81,18
4483,Female,54,88,64
4484,Female,43,98,49
4485,Male,48,24,42
4486,Male,68,132,12
4487,Female,49,111,89
4488,Female,67,20,94
4489,Female,58,32,79
4490,Male,19,86,36
4491,Male,42,103,8
4492,Male,69,56,28
4493,Male,61,18,86
4494,Female,19,34,60
4495,Female,59,42,49
4496,Male,18,118,38
4497,Male,53,58,80
4498,Female,29,37,58
4499,Male,26,61,5
4500,Male,53,27,46
4501,Male,58,109,98
4502,Male,45,30,75
4503,Male,55,133,2
4504,Male,50,131,89
4505,Female,59,24,25
4506,Male,63,136,1
4507,Male,39,52,95
4508,Female,42,58,69
4509,Female,35,109,40
4510,Female,23,88,68
4511,Male,35,127,69
4512,Female,69,65,69
4513,Male,33,66,16
4514,Male,32,106,54
4515,Male,65,73,63
4516,Female,25,27,18
4517,Female,30,26,17
4518,Female,60,64,99
4519,Female,24,71,82
4520,Female,34,133,4
4521,Male,67,71,95
4522,Male,49,22,95
4523,Male,39,120,9
4524,Male,68,134,31
4525,Female,30,77,5
4526,Female,64,86,100
4527,Male,40,145,16
4528,Female,46,27,42
4529,Female,39,66,41
4530,Male,18,76,80
4531,Male,46,133,84
4532,Female,65,123,30
4533,Female,22,22,26
4534,Male,52,109,49
4535,Male,27,139,31
4536,Male,36,67,50
4537,Female,54,77,15
4538,Male,24,109,52
4539,Male,63,95,38
4540,Female,52,71,38
4541,Female,62,81,60
4542,Female,30,60,20
4543,Female,27,108,99
4544,Female,19,127,87
4545,Male,23,107,44
4546,Male,25,63,89
4547,Female,53,37,63
4548,Female,42,76,50
4549,Female,61,25,22
4550,Female,64,87,72
4551,Female,57,132,54
4552,Male,24,102,9
4553,Male,63,103,15
4554,Male,40,69,48
4555,Male,36,23,20
4556,Female,63,26,35
4557,Male,39,127,67
4558,Female,30,22,60
4559,Female,38,50,98
4560,Female,18,139,34
4561,Male,36,64,100
4562,Female,50,121,99
4563,Male,21,23,73
4564,Male,59,81,94
4565,Female,20,67,54
4566,Female,44,96,90
4567,Female,69,124,12
4568,Male,58,67,88
4569,Female,52,128,19
4570,Male,45,77,80
4571,Female,23,33,26
4572,Female,23,138,23
4573,Male,61,100,33
4574,Male,40,84,57
4575,Male,50,61,30
4576,Male,33,122,23
4577,Male,41,34,74
4578,Male,22,51,36
4579,Female,58,144,95
4580,Female,59,50,86
4581,Male,30,147,43
4582,Female,64,78,66
4583,Male,29,21,53
4584,Female,22,134,87
4585,Female,54,36,99
4586,Male,48,60,60
4587,Male,45,124,37
4588,Male,45,60,61
4589,Female,47,42,96
4590,Male,35,101,53
4591,Female,61,49,12
4592,Male,44,143,35
4593,Female,52,23,67
4594,Female,43,23,98
4595,Male,56,36,38
4596,Female,66,84,24
4597,Female,68,79,81
4598,Male,35,57,40
4599,Female,50,31,65
4600,Male,42,82,57
4601,Male,48,43,72
4602,Male,54,149,79
4603,Male,19,58,45
4604,Female,50,147,89
4605,Female,56,148,72
4606,Female,60,21,96
4607,Male,60,68,13
4608,Female,49,60,79
4609,Female,35,18,6
4610,Male,34,105,97
4611,Male,51,75,71
4612,Female,56,125,97
4613,Male,24,51,47
4614,Male,59,17,93
4615,Male,52,27,44
4616,Male,47,102,32
4617,Female,29,90,3
4618,Male,52,22,54
4619,Male,28,97,84
4620,Male,61,23,78
4621,Male,21,92,92
4622,Male,42,138,38
4623,Male,65,56,4
4624,Male,49,55,79
4625,Male,37,103,17
4626,Female,67,91,37
4627,Male,48,68,88
4628,Female,21,111,36
4629,Male,55,112,58
4630,Male,64,70,41
4631,Male,18,114,8
4632,Male,20,24,67
4633,Female,54,58,30
4634,Male,39,144,86
4635,Male,34,144,52
4636,Female,31,33,97
4637,Female,58,94,25
4638,Male,52,103,52
4639,Female,30,15,59
4640,Female,52,144,30
4641,Female,60,41,67
4642,Male,19,16,4
4643,Male,64,33,93
4644,Male,30,128,57
4645,Female,68,70,63
4646,Male,33,109,32
4647,Female,35,71,87
4648,Male,24,116,83
4649,Male,62,84,79
4650,Female,53,96,51
4651,Male,58,63,63
4652,Female,47,105,80
4653,Female,59,19,87
4654,Male,58,71,1
4655,Female,24,106,19
4656,Male,32,50,35
4657,Male,57,126,63
4658,Female,36,27,94
4659,Male,60,136,81
4660,Female,54,123,26
4661,Male,19,106,13
4662,Male,59,116,86
4663,Male,65,70,23
4664,Male,30,59,97
4665,Male,57,74,91
4666,Female,58,68,35
4667,Female,60,51,12
4668,Female,60,51,9
4669,Female,48,28,98
4670,Female,33,109,78
4671,Female,59,116,67
4672,Male,61,56,44
4673,Male,23,15,61
4674,Female,45,37,21
4675,Female,49,42,7
4676,Male,61,146,97
4677,Male,27,32,99
4678,Male,67,63,11
4679,Female,35,61,45
4680,Female,21,129,32
4681,Female,26,53,86
4682,Male,24,20,83
4683,Male,67,67,36
4684,Female,25,39,37
4685,Female,60,113,75
4686,Male,24,79,41
4687,Male,58,147,77
4688,Male,57,22,92
4689,Male,20,53,49
4690,Female,34,125,15
4691,Male,19,57,13
4692,Male,32,96,53
4693,Male,63,137,33
4694,Female,46,147,72
4695,Female,67,18,32
4696,Male,65,122,48
4697,Male,69,107,68
4698,Male,39,143,57
4699,Female,21,108,62
4700,Female,69,70,82
4701,Female,23,17,87
4702,Male,55,36,93
4703,Female,43,70,2
4704,Male,28,32,77
4705,Male,43,130,16
4706,Male,34,98,8
4707,Female,41,44,19
4708,Male,45,94,32
4709,Female,52,80,67
4710,Female,48,24,32
4711,Male,30,73,85
4712,Male,52,65,25
4713,Female,33,137,53
4714,Male,32,68,81
4715,Female,60,95,25
4716,Male,35,23,33
4717,Female,64,115,31
4718,Female,54,53,36
4719,Female,65,124,87
4720,Female,65,80,89
4721,Male,66,24,49
4722,Male,58,131,44
4723,Female,44,97,48
4724,Female,52,148,30
4725,Male,69,84,13
4726,Male,62,53,43
4727,Male,52,27,93
4728,Male,45,73,16
4729,Male,56,81,91
4730,Male,55,55,26
4731,Female,26,49,75
4732,Male,29,95,47
4733,Male,32,48,37
4734,Female,38,90,3
4735,Male,69,84,26
4736,Male,52,25,98
4737,Male,59,126,97
4738,Male,50,41,15
4739,Male,68,62,66
4740,Female,36,38,28
4741,Male,40,32,84
4742,Female,30,41,38
4743,Female,61,68,44
4744,Male,18,69,53
4745,Female,68,134,80
4746,Male,46,35,4
4747,Female,41,129,72
4748,Female,33,134,44
4749,Male,42,72,46
4750,Male,40,68,84
4751,Male,45,17,26
4752,Male,64,143,96
4753,Male,33,20,13
4754,Female,60,33,69
4755,Female,55,100,44
4756,Female,28,129,53
4757,Female,20,137,51
4758,Female,32,87,13
4759,Female,18,61,41
4760,Female,24,99,11
4761,Male,18,42,37
4762,Male,66,60,60
4763,Female,49,146,32
4764,Female,26,134,45
4765,Male,46,130,18
4766,Male,43,75,93
4767,Male,40,31,79
4768,Male,62,48,20
4769,Female,60,34,44
4770,Male,46,57,36
4771,Female,69,24,69
4772,Female,55,108,37
4773,Female,50,129,33
4774,Male,24,141,82
4775,Male,29,124,19
4776,Female,48,121,51
4777,Female,49,119,32
4778,Female,37,85,22
4779,Male,68,98,1
4780,Female,34,17,54
4781,Male,53,60,89
4782,Female,20,40,20
4783,Female,18,22,58
4784,Female,67,69,35
4785,Male,44,105,70
4786,Male,64,128,70
4787,Female,57,93,61
4788,Male,50,115,63
4789,Female,37,100,61
4790,Male,31,59,57
4791,Male,53,64,3
4792,Male,22,78,95
4793,Female,40,109,99
4794,Male,62,16,45
4795,Male,32,109,15
4796,Female,23,76,17
4797,Female,50,88,15
4798,Female,36,114,5
4799,Female,30,125,86
4800,Male,46,118,46
4801,Male,23,29,11
4802,Male,32,28,64
4803,Male,33,41,92
4804,Male,41,99,14
4805,Female,40,23,39
4806,Male,65,34,67
4807,Male,27,93,55
4808,Male,58,71,42
4809,Female,58,114,75
4810,Female,66,89,94
4811,Male,34,81,5
4812,Female,66,33,52
4813,Female,61,119,22
4814,Female,62,25,77
4815,Female,47,65,44
4816,Female,61,140,85
4817,Female,63,94,59
4818,Female,27,68,25
4819,Male,36,31,21
4820,Male,46,38,92
4821,Female,19,62,64
4822,Male,53,98,68
4823,Male,36,21,93
4824,Female,24,25,47
4825,Male,43,26,35
4826,Female,32,124,87
4827,Female,64,147,7
4828,Female,55,147,56
4829,Male,20,142,52
4830,Male,55,68,46
4831,Male,33,69,9
4832,Male,19,93,58
4833,Female,48,104,23
4834,Female,45,111,3
4835,Male,24,141,61
4836,Female,47,44,9
4837,Female,60,38,53
4838,Male,24,145,68
4839,Female,53,136,49
4840,Male,46,114,89
4841,Female,41,85,70
4842,Male,69,28,48
4843,Female,56,62,82
4844,Female,21,43,7
4845,Male,46,64,99
4846,Male,61,41,31
4847,Male,22,93,56
4848,Male,46,110,96
4849,Female,47,85,99
4850,Female,46,94,61
4851,Male,43,95,92
4852,Female,36,101,5
4853,Male,43,22,30
4854,Male,54,16,22
4855,Female,44,137,17
4856,Female,47,135,10
4857,Male,68,110,71
4858,Male,47,107,68
4859,Male,20,17,42
4860,Female,60,16,27
4861,Female,24,129,7
4862,Female,66,63,23
4863,Female,26,115,75
4864,Male,58,43,8
4865,Male,59,88,8
4866,Male,30,119,5
4867,Male,32,20,71
4868,Male,22,76,86
4869,Male,46,45,100
4870,Female,52,133,2
4871,Female,44,26,88
4872,Male,44,26,51
4873,Male,25,39,66
4874,Female,49,105,12
4875,Female,37,102,47
4876,Female,27,90,55
4877,Female,30,32,26
4878,Male,46,59,45
4879,Male,52,125,62
4880,Male,25,94,70
4881,Male,46,82,87
4882,Male,48,32,2
4883,Female,58,68,26
4884,Male,47,126,14
4885,Female,39,111,82
4886,Male,38,41,57
4887,Male,29,92,32
4888,Male,28,102,62
4889,Male,19,68,78
4890,Male,67,101,30
4891,Female,58,19,13
4892,Female,19,137,40
4893,Female,51,68,31
4894,Male,20,53,37
4895,Male,33,123,45
4896,Female,68,146,86
4897,Male,21,88,59
4898,Male,40,79,28
4899,Female,67,51,61
4900,Male,37,81,19
4901,Female,42,125,43
4902,Male,47,139,59
4903,Female,35,101,16
4904,Male,59,61,69
4905,Male,28,27,44
4906,Female,46,58,66
4907,Male,34,139,10
4908,Male,43,133,47
4909,Female,40,145,19
4910,Male,69,140,84
4911,Female,65,63,93
4912,Male,37,138,89
4913,Male,62,92,81
4914,Male,19,144,51
4915,Male,41,117,13
4916,Female,48,119,63
4917,Male,44,134,16
4918,Female,19,45,53
4919,Male,31,82,35
4920,Male,21,51,100
4921,Male,66,38,59
4922,Male,30,58,39
4923,Female,53,97,67
4924,Female,52,55,73
4925,Female,61,56,61
4926,Female,25,122,50
4927,Male,19,54,53
4928,Female,23,62,46
4929,Female,48,127,52
4930,Male,27,98,29
4931,Male,61,18,5
4932,Male,38,122,67
4933,Male,59,74,74
4934,Female,27,128,95
4935,Female,40,19,75
4936,Male,20,120,81
4937,Male,49,20,40
4938,Male,37,28,72
4939,Female,27,140,2
4940,Female,46,76,68
4941,Male,58,41,62
4942,Male,69,68,80
4943,Female,68,104,58
4944,Male,63,26,85
4945,Male,51,88,69
4946,Female,54,40,58
4947,Male,37,59,35
4948,Female,25,98,14
4949,Male,24,117,15
4950,Male,23,138,6
4951,Female,28,137,16
4952,Female,61,130,87
4953,Male,35,28,95
4954,Female,68,31,46
4955,Male,59,27,63
4956,Male,46,107,12
4957,Female,42,77,41
4958,Male,38,47,19
4959,Male,63,43,76
4960,Female,20,51,77
4961,Female,35,117,2
4962,Male,41,38,20
4963,Female,64,147,95
4964,Female,55,139,9
4965,Female,27,67,21
4966,Female,44,102,8
4967,Male,29,112,39
4968,Male,24,128,37
4969,Male,34,109,29
4970,Female,18,134,83
4971,Female,67,87,35
4972,Female,43,120,38
4973,Female,32,40,90
4974,Female,68,32,75
4975,Female,50,72,100
4976,Female,54,107,35
4977,Male,64,63,68
4978,Male,48,85,3
4979,Female,52,79,12
4980,Female,18,47,32
4981,Female,25,64,47
4982,Male,29,18,63
4983,Male,36,133,26
4984,Female,42,98,43
4985,Female,49,131,77
4986,Male,29,116,44
4987,Male,30,145,38
4988,Male,45,20,29
4989,Male,18,37,55
4990,Female,68,149,52
4991,Male,23,134,19
4992,Male,25,75,35
4993,Female,21,114,48
4994,Male,22,79,91
4995,Male,42,148,60
4996,Male,39,38,31
4997,Female,45,51,3
4998,Male,56,59,35
4999,Female,40,114,88
5000,Female,21,116,52
5001,Male,69,77,71
5002,Male,21,43,51
5003,Male,64,115,56
5004,Male,38,123,99
5005,Female,54,110,21
5006,Male,58,24,1
5007,Male,19,49,53
5008,Male,24,69,6
5009,Female,66,110,98
5010,Male,33,137,82
5011,Male,34,26,62
5012,Female,37,18,89
5013,Female,40,120,79
5014,Male,51,104,47
5015,Male,28,81,96
5016,Male,51,79,50
5017,Male,50,96,82
5018,Male,43,119,31
5019,Female,19,98,64
5020,Female,40,119,29
5021,Male,58,129,15
5022,Male,39,42,58
5023,Female,51,30,23
5024,Male,32,35,38
5025,Male,27,91,41
5026,Male,32,56,75
5027,Male,59,68,15
5028,Male,46,46,87
5029,Female,40,128,3
5030,Male,34,52,83
5031,Male,26,128,1
5032,Male,67,124,88
5033,Female,53,117,75
5034,Female,26,91,94
5035,Female,33,67,11
5036,Female,53,135,60
5037,Male,65,17,65
5038,Female,68,68,76
5039,Male,50,54,4
5040,Male,48,82,25
5041,Female,23,128,72
5042,Female,27,144,79
5043,Female,33,56,43
5044,Female,21,108,94
5045,Female,39,115,40
5046,Male,30,138,96
5047,Female,33,16,99
5048,Female,69,105,85
5049,Female,46,73,95
5050,Male,23,112,100
5051,Female,43,30,91
5052,Male,28,30,44
5053,Female,41,122,72
5054,Female,46,37,59
5055,Male,20,56,23
5056,Female,69,51,62
5057,Male,27,86,23
5058,Male,18,148,58
5059,Male,69,130,55
5060,Female,60,20,33
5061,Female,43,46,77
5062,Female,29,52,63
5063,Male,31,51,60
5064,Female,42,75,99
5065,Male,25,91,61
5066,Female,60,141,80
5067,Male,21,100,76
5068,Male,45,21,61
5069,Male,24,99,95
5070,Female,27,20,69
5071,Male,68,17,89
5072,Male,53,61,21
5073,Male,19,99,3
5074,Male,43,108,48
5075,Male,67,37,10
5076,Male,31,17,87
5077,Female,33,143,81
5078,Female,60,81,42
5079,Male,59,85,99
5080,Female,34,145,89
5081,Female,63,81,66
5082,Male,39,69,91
5083,Male,21,146,46
5084,Male,36,45,9
5085,Female,19,80,49
5086,Male,56,115,4
5087,Female,26,78,60
5088,Male,36,45,90
5089,Female,33,131,96
5090,Male,42,80,29
5091,Male,65,61,86
5092,Female,35,36,47
5093,Female,40,108,77
5094,Female,38,97,87
5095,Female,28,60,63
5096,Female,56,103,31
5097,Female,58,133,51
5098,Male,21,60,41
5099,Female,42,15,36
5100,Male,49,110,40
5101,Male,47,75,95
5102,Female,62,119,60
5103,Male,43,95,15
5104,Female,53,28,78
5105,Female,68,59,99
5106,Male,51,91,88
5107,Male,26,80,30
5108,Female,29,46,30
5109,Female,19,110,27
5110,Male,55,72,40
5111,Male,22,118,78
5112,Male,22,70,45
5113,Male,69,148,75
5114,Female,39,81,47
5115,Female,22,132,90
5116,Female,21,52,56
5117,Female,26,145,54
5118,Male,46,126,85
5119,Male,39,147,9
5120,Female,44,68,65
5121,Female,27,48,70
5122,Female,33,53,1
5123,Female,59,126,86
5124,Female,59,102,13
5125,Female,68,62,38
5126,Female,27,63,45
5127,Female,23,48,40
5128,Female,66,114,95
5129,Male,22,149,15
5130,Female,23,32,50
5131,Male,64,84,2
5132,Male,42,128,53
5133,Female,68,48,95
5134,Female,67,65,26
5135,Male,21,119,66
5136,Male,57,107,75
5137,Female,65,83,33
5138,Male,49,103,82
5139,Female,68,117,85
5140,Female,69,97,59
5141,Female,52,25,95
5142,Male,27,50,26
5143,Male,51,96,94
5144,Female,53,52,21
5145,Male,23,103,49
5146,Male,60,15,80
5147,Male,63,118,71
5148,Male,33,79,86
5149,Male,36,15,71
5150,Male,51,139,66
5151,Male,42,74,37
5152,Female,48,39,14
5153,Male,66,105,72
5154,Male,58,64,93
5155,Male,34,106,7
5156,Male,64,46,38
5157,Male,47,47,45
5158,Male,56,40,22
5159,Male,48,56,44
5160,Male,36,75,81
5161,Female,52,55,80
5162,Male,46,144,97
5163,Male,18,113,35
5164,Male,21,112,60
5165,Male,45,45,96
5166,Female,35,129,3
5167,Female,43,62,67
5168,Female,57,16,72
5169,Female,36,115,95
5170,Female,23,142,55
5171,Female,18,73,9
5172,Female,25,134,69
5173,Female,50,52,28
5174,Female,68,121,15
5175,Female,60,35,91
5176,Female,38,56,31
5177,Female,41,24,59
5178,Female,42,147,82
5179,Female,64,47,54
5180,Female,60,83,68
5181,Female,36,94,85
5182,Male,46,115,47
5183,Female,27,43,42
5184,Male,29,148,23
5185,Female,50,67,86
5186,Female,24,138,65
5187,Male,34,56,89
5188,Female,27,61,54
5189,Male,48,25,92
5190,Male,23,97,11
5191,Male,34,123,63
5192,Female,67,41,22
5193,Female,54,76,54
5194,Female,35,145,89
5195,Male,43,117,85
5196,Male,66,58,36
5197,Female,33,107,58
5198,Female,25,44,20
5199,Female,41,133,16
5200,Female,30,43,92
5201,Female,46,44,56
5202,Male,49,118,93
5203,Male,41,124,50
5204,Male,33,46,90
5205,Female,28,65,66
5206,Male,49,50,74
5207,Male,23,69,13
5208,Male,52,50,15
5209,Male,50,70,73
5210,Male,35,50,27
5211,Female,54,103,8
5212,Male,30,76,70
5213,Female,27,123,100
5214,Female,54,101,50
5215,Female,43,78,88
5216,Female,63,71,67
5217,Female,34,127,26
5218,Male,18,84,36
5219,Male,42,34,21
5220,Female,51,68,77
5221,Female,56,15,52
5222,Female,27,104,11
5223,Male,37,127,8
5224,Female,24,27,57
5225,Male,33,124,46
5226,Female,54,105,78
5227,Male,46,109,97
5228,Female,29,57,2
5229,Male,34,88,64
5230,Female,65,28,52
5231,Male,37,113,65
5232,Male,43,123,11
5233,Male,65,110,6
5234,Male,36,72,96
5235,Male,64,110,79
5236,Male,29,52,76
5237,Male,38,78,64
5238,Female,59,23,93
5239,Female,51,135,55
5240,Female,24,46,44
5241,Female,62,25,86
5242,Female,52,119,14
5243,Male,32,96,83
5244,Male,18,51,5
5245,Male,43,96,99
5246,Male,52,26,25
5247,Male,42,18,50
5248,Female,59,57,73
5249,Female,32,65,71
5250,Female,39,19,82
5251,Female,23,148,2
5252,Male,69,101,10
5253,Male,32,120,2
5254,Male,41,70,60
5255,Female,38,124,45
5256,Male,24,82,8
5257,Female,46,110,58
5258,Male,49,58,7
5259,Male,49,104,99
5260,Female,22,56,87
5261,Male,21,87,72
5262,Male,39,25,21
5263,Female,35,72,97
5264,Male,52,142,47
5265,Female,34,35,1
5266,Male,67,35,12
5267,Male,67,86,75
5268,Male,41,143,48
5269,Male,19,116,94
5270,Male,30,27,4
5271,Male,32,87,34
5272,Male,22,20,87
5273,Male,20,126,32
5274,Female,54,31,3
5275,Female,54,87,92
5276,Male,54,26,68
5277,Male,20,100,57
5278,Female,52,136,76
5279,Male,69,84,24
5280,Male,40,122,33
5281,Female,45,66,3
5282,Male,47,51,4
5283,Male,35,131,30
5284,Female,69,17,70
5285,Male,53,22,49
5286,Male,50,61,30
5287,Female,43,78,72
5288,Male,65,56,82
5289,Female,57,57,16
5290,Male,34,139,53
5291,Male,57,28,6
5292,Female,24,105,24
5293,Female,25,146,92
5294,Male,48,16,96
5295,Female,29,129,89
5296,Female,65,15,28
5297,Male,48,89,21
5298,Male,61,79,8
5299,Male,36,139,36
5300,Female,27,149,9
5301,Female,56,80,40
5302,Female,29,86,85
5303,Female,37,130,51
5304,Male,54,135,1
5305,Female,65,61,63
5306,Male,58,104,68
5307,Female,24,54,74
5308,Male,69,56,26
5309,Male,31,49,40
5310,Male,28,55,3
5311,Female,24,99,9
5312,Male,46,138,32
5313,Male,27,71,67
5314,Female,46,52,4
5315,Male,26,110,6
5316,Female,53,77,73
5317,Female,65,101,26
5318,Male,27,146,2
5319,Male,36,66,66
5320,Female,48,52,85
5321,Male,34,101,86
5322,Female,26,19,3
5323,Female,62,134,35
5324,Female,50,84,59
5325,Male,51,127,38
5326,Female,62,38,33
5327,Male,41,100,15
5328,Male,26,40,75
5329,Male,24,17,74
5330,Male,33,16,100
5331,Female,36,106,14
5332,Male,56,16,66
5333,Female,23,85,45
5334,Female,67,18,48
5335,Male,68,52,44
5336,Female,28,117,37
5337,Female,29,84,29
5338,Male,59,66,99
5339,Female,30,45,84
5340,Female,29,50,85
5341,Female,38,147,34
5342,Female,27,129,59
5343,Male,37,88,43
5344,Female,67,32,33
5345,Female,53,29,19
5346,Female,45,111,8
5347,Female,41,19,31
5348,Male,22,51,11
5349,Female,54,118,8
5350,Male,29,100,25
5351,Female,52,29,20
5352,Male,57,31,38
5353,Male,19,65,7
5354,Male,67,59,77
5355,Male,58,136,39
5356,Male,62,96,74
5357,Female,56,149,72
5358,Female,59,103,20
5359,Female,26,115,81
5360,Male,39,54,11
5361,Female,64,57,16
5362,Male,22,87,42
5363,Male,29,37,96
5364,Female,18,109,90
5365,Female,61,31,52
5366,Male,39,126,37
5367,Male,55,117,52
5368,Female,68,72,9
5369,Female,36,100,35
5370,Female,33,49,67
5371,Female,48,44,95
5372,Male,68,118,7
5373,Female,20,136,2
5374,Female,40,148,25
5375,Female,59,48,76
5376,Male,35,70,94
5377,Male,43,39,94
5378,Male,30,129,93
5379,Male,35,27,41
5380,Female,20,77,75
5381,Male,40,116,52
5382,Female,20,136,87
5383,Female,42,134,81
5384,Female,44,147,77
5385,Female,61,25,97
5386,Male,44,123,65
5387,Male,69,118,77
5388,Male,56,125,38
5389,Female,42,83,67
5390,Female,41,116,80
5391,Female,25,16,42
5392,Female,26,51,71
5393,Female,63,132,54
5394,Male,54,63,67
5395,Female,47,89,78
5396,Male,36,89,64
5397,Female,33,48,80
5398,Female,41,72,4
5399,Male,61,125,31
5400,Male,38,110,13
5401,Female,53,74,27
5402,Female,57,46,59
5403,Female,56,146,65
5404,Female,64,120,64
5405,Male,23,47,25
5406,Female,22,57,37
5407,Male,31,126,75
5408,Female,62,121,73
5409,Male,59,23,71
5410,Male,67,128,14
5411,Female,21,139,94
5412,Male,25,34,24
5413,Female,41,55,67
5414,Male,28,58,48
5415,Female,34,139,91
5416,Male,67,49,65
5417,Female,38,72,38
5418,Female,43,62,90
5419,Male,60,72,70
5420,Male,65,115,59
5421,Male,61,71,12
5422,Male,62,78,54
5423,Female,44,76,51
5424,Male,33,97,38
5425,Female,43,127,46
5426,Male,50,126,99
5427,Female,48,76,10
5428,Female,65,108,9
5429,Female,64,99,87
5430,Female,23,40,94
5431,Male,61,135,52
5432,Male,25,64,51
5433,Female,24,129,22
5434,Male,51,50,73
5435,Male,61,47,83
5436,Female,31,137,72
5437,Male,33,114,68
5438,Male,60,82,5
5439,Male,69,87,83
5440,Female,26,37,82
5441,Male,27,84,29
5442,Female,34,69,83
5443,Male,29,124,6
5444,Male,23,23,69
5445,Male,36,143,58
5446,Female,60,122,43
5447,Female,58,147,69
5448,Male,46,82,72
5449,Female,23,80,91
5450,Male,42,67,37
5451,Female,41,142,58
5452,Female,42,79,37
5453,Male,33,78,82
5454,Male,69,82,26
5455,Male,33,76,42
5456,Male,23,95,16
5457,Female,54,85,22
5458,Female,38,128,23
5459,Female,21,66,47
5460,Male,51,130,67
5461,Male,45,139,3
5462,Female,55,141,12
5463,Male,58,79,23
5464,Female,45,144,11
5465,Female,34,36,52
5466,Female,31,90,50
5467,Female,24,108,57
5468,Female,39,85,64
5469,Male,68,120,46
5470,Male,18,64,29
5471,Male,46,116,70
5472,Female,69,127,46
5473,Female,48,44,16
5474,Female,47,26,98
5475,Female,32,96,51
5476,Male,35,60,11
5477,Male,52,144,11
5478,Female,67,111,63
5479,Female,47,94,53
5480,Female,51,68,89
5481,Male,59,49,58
5482,Male,28,66,19
5483,Male,44,98,32
5484,Female,41,86,50
5485,Female,52,40,72
5486,Male,56,75,55
5487,Female,25,51,76
5488,Male,68,109,41
5489,Female,35,25,99
5490,Male,30,55,70
5491,Female,62,147,21
5492,Male,41,80,26
5493,Male,68,83,1
5494,Male,40,73,81
5495,Male,29,80,99
5496,Male,66,82,27
5497,Male,47,26,50
5498,Female,48,82,66
5499,Female,45,87,100
5500,Female,39,20,65
5501,Male,61,29,10
5502,Male,45,56,95
5503,Female,30,45,37
5504,Male,42,20,69
5505,Male,61,47,41
5506,Male,68,35,46
5507,Male,63,138,77
5508,Male,24,108,45
5509,Female,62,114,88
5510,Female,23,69,27
5511,Female,41,78,65
5512,Female,36,100,84
5513,Female,36,36,8
5514,Male,53,74,67
5515,Male,68,118,49
5516,Male,26,61,96
5517,Male,65,91,89
5518,Female,53,32,89
5519,Female,55,36,14
5520,Female,57,52,62
5521,Male,46,39,43
5522,Female,41,46,27
5523,Male,65,27,96
5524,Female,22,25,27
5525,Female,59,27,68
5526,Male,62,111,75
5527,Male,43,115,48
5528,Female,31,52,67
5529,Female,56,15,25
5530,Male,46,53,64
5531,Female,69,41,24
5532,Female,23,50,9
5533,Male,24,45,8
5534,Female,54,141,95
5535,Male,35,20,59
5536,Female,40,103,17
5537,Male,61,45,43
5538,Female,55,114,95
5539,Male,18,87,68
5540,Female,21,60,4
5541,Male,68,111,8
5542,Female,61,15,42
5543,Female,64,71,49
5544,Female,52,23,6
5545,Female,40,19,73
5546,Female,44,93,42
5547,Female,43,128,72
5548,Female,69,23,32
5549,Female,25,38,15
5550,Female,60,117,82
5551,Male,33,74,87
5552,Male,58,100,69
5553,Female,20,130,27
5554,Male,49,98,97
5555,Female,22,104,66
5556,Female,37,103,59
5557,Male,31,134,28
5558,Female,49,20,24
5559,Female,43,66,51
5560,Male,64,33,21
5561,Male,23,89,31
5562,Female,53,144,75
5563,Male,57,69,50
5564,Male,68,29,92
5565,Female,22,114,40
5566,Male,30,83,68
5567,Male,49,57,16
5568,Female,33,31,76
5569,Male,18,112,86
5570,Male,30,130,99
5571,Female,28,88,63
5572,Female,25,130,56
5573,Female,42,44,80
5574,Male,57,81,24
5575,Female,49,65,99
5576,Female,41,74,28
5577,Male,45,17,93
5578,Female,31,118,85
5579,Female,62,19,89
5580,Female,20,42,31
5581,Female,53,122,15
5582,Male,44,115,42
5583,Female,37,90,99
5584,Female,64,29,50
5585,Male,32,97,86
5586,Female,44,62,5
5587,Male,62,141,48
5588,Male,58,60,13
5589,Male,45,42,32
5590,Female,42,21,67
5591,Male,59,108,79
5592,Male,61,96,91
5593,Male,63,102,91
5594,Female,50,148,30
5595,Female,63,82,6
5596,Female,31,69,25
5597,Female,25,132,28
5598,Female,65,148,62
5599,Female,31,122,22
5600,Female,18,65,68
5601,Male,33,52,15
5602,Male,35,107,26
5603,Male,24,34,63
5604,Male,32,24,18
5605,Female,41,40,73
5606,Male,66,62,63
5607,Male,68,105,62
5608,Male,30,128,68
5609,Male,26,28,48
5610,Female,32,114,50
5611,Female,52,26,63
5612,Female,41,130,69
5613,Male,50,137,6
5614,Female,33,37,58
5615,Male,25,99,51
5616,Female,46,86,12
5617,Female,40,136,95
5618,Female,62,109,47
5619,Female,48,39,9
5620,Female,57,31,7
5621,Male,66,43,29
5622,Female,31,81,78
5623,Male,47,99,51
5624,Male,56,71,84
5625,Male,44,86,55
5626,Male,64,28,96
5627,Male,33,53,59
5628,Female,68,32,56
5629,Female,23,89,22
5630,Female,50,116,100
5631,Female,61,34,18
5632,Male,35,131,58
5633,Female,33,131,40
5634,Female,29,18,89
5635,Male,37,98,31
5636,Male,62,128,56
5637,Female,57,79,35
5638,Female,46,58,26
5639,Male,47,132,68
5640,Female,43,114,84
5641,Female,39,32,34
5642,Female,50,142,76
5643,Female,56,52,16
5644,Male,64,118,42
5645,Male,46,27,5
5646,Male,39,69,61
5647,Female,62,102,44
5648,Female,30,99,35
5649,Female,26,123,91
5650,Female,41,57,1
5651,Female,32,146,98
5652,Male,53,85,43
5653,Female,30,26,32
5654,Female,44,73,63
5655,Male,61,58,33
5656,Female,54,30,95
5657,Male,24,148,77
5658,Male,25,28,66
5659,Male,54,129,30
5660,Male,58,126,10
5661,Male,31,137,23
5662,Female,29,72,97
5663,Male,53,134,39
5664,Male,69,49,45
5665,Female,57,24,29
5666,Female,34,95,30
5667,Male,57,58,34
5668,Female,46,85,52
5669,Female,44,32,81
5670,Male,18,97,22
5671,Male,69,93,5
5672,Female,51,100,11
5673,Male,21,56,86
5674,Male,41,138,32
5675,Female,38,44,24
5676,Male,50,34,11
5677,Male,24,140,11
5678,Male,18,110,17
5679,Male,58,139,32
5680,Male,20,56,83
5681,Female,61,103,27
5682,Female,68,101,32
5683,Male,32,19,61
5684,Female,48,64,25
5685,Male,33,55,64
5686,Male,27,108,64
5687,Male,46,71,28
5688,Male,23,149,40
5689,Male,46,147,91
5690,Female,34,65,14
5691,Female,39,120,42
5692,Male,41,25,39
5693,Female,34,112,2
5694,Male,38,113,81
5695,Female,68,110,1
5696,Male,67,120,32
5697,Female,28,15,83
5698,Male,24,60,64
5699,Male,59,102,78
5700,Female,56,36,31
5701,Female,22,17,58
5702,Male,61,144,82
5703,Female,65,75,78
5704,Male,38,52,14
5705,Female,35,60,88
5706,Female,52,148,69
5707,Male,37,55,16
5708,Female,32,124,69
5709,Female,22,55,54
5710,Male,30,71,13
5711,Female,68,137,80
5712,Male,29,100,79
5713,Male,38,77,31
5714,Male,54,53,69
5715,Male,23,41,21
5716,Male,24,95,30
5717,Female,43,121,23
5718,Male,59,50,38
5719,Male,65,99,29
5720,Female,25,42,77
5721,Female,26,30,32
5722,Female,44,49,62
5723,Male,21,113,91
5724,Male,38,136,98
5725,Male,48,37,45
5726,Female,38,133,49
5727,Male,57,77,33
5728,Female,42,84,4
5729,Male,56,94,18
5730,Female,32,73,70
5731,Male,52,31,64
5732,Male,66,53,28
5733,Male,60,91,58
5734,Female,58,106,91
5735,Female,54,38,90
5736,Male,59,102,56
5737,Male,64,58,20
5738,Male,45,50,77
5739,Female,31,113,92
5740,Male,21,84,34
5741,Male,37,136,87
5742,Male,51,138,10
5743,Male,29,94,94
5744,Female,50,59,22
5745,Female,41,45,5
5746,Male,37,99,44
5747,Male,22,59,9
5748,Female,55,129,43
5749,Female,47,81,4
5750,Male,41,90,42
5751,Female,60,54,65
5752,Female,57,55,98
5753,Male,24,134,41
5754,Female,53,95,64
5755,Female,55,52,55
5756,Male,33,114,90
5757,Male,69,71,18
5758,Female,32,80,16
5759,Male,63,44,87
5760,Female,40,24,46
5761,Male,29,75,36
5762,Female,46,50,90
5763,Male,61,68,66
5764,Female,65,111,44
5765,Female,32,18,5
5766,Female,46,68,29
5767,Male,62,125,4
5768,Male,60,105,99
5769,Female,66,103,86
5770,Female,38,78,49
5771,Male,32,133,72
5772,Male,31,106,85
5773,Male,59,95,8
5774,Male,61,73,52
5775,Male,33,58,69
5776,Male,32,90,21
5777,Female,59,115,27
5778,Male,21,139,38
5779,Female,44,30,5
5780,Male,40,69,85
5781,Male,46,109,61
5782,Female,58,93,8
5783,Female,69,91,86
5784,Male,26,54,18
5785,Female,69,35,4
5786,Female,60,80,4
5787,Female,60,24,37
5788,Female,24,146,15
5789,Male,59,57,38
5790,Female,21,119,27
5791,Male,22,77,85
5792,Male,22,96,48
5793,Male,28,65,46
5794,Male,58,70,46
5795,Female,45,48,48
5796,Female,33,73,59
5797,Male,58,144,4
5798,Male,47,144,75
5799,Male,21,132,19
5800,Male,19,142,57
5801,Female,63,31,19
5802,Male,20,96,91
5803,Female,67,28,42
5804,Male,38,95,92
5805,Male,23,137,5
5806,Male,60,30,48
5807,Male,35,46,25
5808,Female,61,37,67
5809,Female,22,116,26
5810,Female,26,112,74
5811,Male,37,118,88
5812,Male,45,140,62
5813,Female,43,82,93
5814,Female,35,78,7
5815,Male,36,85,44
5816,Male,20,32,87
5817,Female,26,127,27
5818,Male,53,139,42
5819,Male,48,141,73
5820,Female,66,75,56
5821,Male,34,89,3
5822,Female,40,121,13
5823,Male,51,95,70
5824,Female,58,120,59
5825,Male,58,42,38
5826,Female,22,22,85
5827,Female,32,105,83
5828,Female,64,135,89
5829,Female,20,80,68
5830,Male,36,109,86
5831,Male,45,78,69
5832,Female,20,79,1
5833,Male,55,139,50
5834,Male,21,28,81
5835,Male,41,39,73
5836,Male,48,114,9
5837,Male,62,119,53
5838,Female,62,145,88
5839,Female,28,147,10
5840,Female,54,79,84
5841,Female,18,33,81
5842,Male,26,120,77
5843,Male,34,68,29
5844,Female,18,118,36
5845,Male,20,29,87
5846,Male,64,62,27
5847,Female,43,48,18
5848,Male,48,113,18
5849,Female,43,33,9
5850,Female,40,84,67
5851,Male,47,129,7
5852,Male,27,110,58
5853,Female,25,89,79
5854,Female,61,50,30
5855,Male,42,77,73
5856,Female,39,107,61
5857,Female,32,19,91
5858,Female,58,39,100
5859,Male,27,112,82
5860,Female,37,26,95
5861,Male,58,98,17
5862,Female,64,43,53
5863,Male,40,123,6
5864,Female,18,41,39
5865,Male,19,69,25
5866,Male,36,147,42
5867,Male,31,66,42
5868,Female,25,27,59
5869,Female,55,56,38
5870,Female,29,93,31
5871,Male,43,32,29
5872,Female,44,64,9
5873,Male,46,16,1
5874,Female,32,101,80
5875,Male,63,121,87
5876,Male,18,61,72
5877,Male,60,103,47
5878,Female,45,26,76
5879,Female,20,27,10
5880,Female,68,73,16
5881,Male,35,57,47
5882,Male,69,88,43
5883,Female,51,37,24
5884,Female,49,93,8
5885,Female,46,37,75
5886,Male,42,115,26
5887,Male,43,123,7
5888,Male,56,125,79
5889,Male,25,31,15
5890,Male,36,100,48
5891,Female,64,53,3
5892,Male,59,55,16
5893,Male,39,62,79
5894,Male,46,91,89
5895,Male,50,15,97
5896,Male,55,131,14
5897,Female,62,33,88
5898,Male,63,73,75
5899,Male,52,121,3
5900,Male,60,42,73
5901,Female,20,48,70
5902,Female,36,53,31
5903,Female,27,140,80
5904,Male,44,97,75
5905,Female,32,120,17
5906,Male,28,124,49
5907,Male,64,135,3
5908,Female,43,121,83
5909,Male,41,145,88
5910,Male,30,37,55
5911,Male,49,85,72
5912,Female,54,121,100
5913,Male,21,60,40
5914,Male,30,84,66
5915,Female,26,45,87
5916,Male,66,107,40
5917,Male,51,132,30
5918,Female,54,95,25
5919,Male,65,74,7
5920,Male,24,90,92
5921,Male,18,77,50
5922,Male,29,114,81
5923,Male,38,62,96
5924,Female,28,88,1
5925,Female,61,72,91
5926,Female,68,44,44
5927,Female,61,24,100
5928,Male,61,53,49
5929,Male,31,69,7
5930,Male,51,42,3
5931,Male,51,132,94
5932,Male,42,128,1
5933,Female,21,89,51
5934,Female,69,79,98
5935,Male,43,95,38
5936,Male,33,114,43
5937,Male,27,114,55
5938,Female,62,60,57
5939,Male,19,74,53
5940,Male,52,111,100
5941,Male,36,17,33
5942,Female,23,128,80
5943,Male,36,130,62
5944,Female,69,72,11
5945,Female,68,84,72
5946,Female,25,107,52
5947,Female,31,119,1
5948,Female,27,63,14
5949,Female,20,97,94
5950,Male,55,31,85
5951,Male,46,68,21
5952,Male,32,126,34
5953,Female,40,63,90
5954,Male,40,99,14
5955,Female,35,26,40
5956,Female,63,140,35
5957,Female,36,112,42
5958,Male,45,62,82
5959,Female,43,42,20
5960,Female,27,94,60
5961,Male,64,24,9
5962,Male,21,66,33
5963,Female,19,146,49
5964,Female,20,104,68
5965,Male,24,76,4
5966,Male,33,121,48
5967,Male,48,146,16
5968,Female,27,55,47
5969,Male,36,113,26
5970,Male,45,69,70
5971,Male,34,42,37
5972,Female,45,115,22
5973,Male,36,61,7
5974,Male,54,144,42
5975,Male,40,131,30
5976,Male,37,122,74
5977,Male,30,83,79
5978,Female,30,42,6
5979,Female,60,93,24
5980,Female,28,28,66
5981,Male,65,60,40
5982,Female,32,30,15
5983,Female,34,95,53
5984,Female,67,72,85
5985,Male,45,62,82
5986,Male,36,63,5
5987,Female,21,103,89
5988,Female,39,144,36
5989,Male,39,28,74
5990,Male,54,117,46
5991,Female,56,135,23
5992,Male,51,137,88
5993,Female,50,84,45
5994,Male,61,117,10
5995,Female,59,116,54
5996,Female,57,78,70
5997,Male,50,32,77
5998,Female,29,77,85
5999,Female,19,63,32
6000,Female,45,70,43
6001,Male,27,105,15
6002,Male,39,72,66
6003,Male,34,69,15
6004,Female,43,99,81
6005,Male,20,33,20
6006,Female,24,117,50
6007,Female,61,126,6
6008,Male,25,122,79
6009,Male,37,61,17
6010,Female,29,121,26
6011,Female,52,98,22
6012,Male,34,142,73
6013,Male,45,72,64
6014,Male,58,111,76
6015,Female,27,61,86
6016,Female,39,117,58
6017,Female,55,98,87
6018,Female,50,63,37
6019,Female,39,145,78
6020,Male,61,126,88
6021,Male,54,74,72
6022,Female,30,80,90
6023,Female,44,101,96
6024,Male,32,140,28
6025,Male,39,40,96
6026,Male,47,85,86
6027,Male,60,88,49
6028,Female,57,61,73
6029,Male,54,90,67
6030,Female,51,110,89
6031,Male,61,45,76
6032,Male,51,36,93
6033,Male,65,31,67
6034,Female,52,112,41
6035,Female,59,63,46
6036,Male,36,101,87
6037,Female,25,52,87
6038,Female,56,67,55
6039,Male,50,42,82
6040,Male,61,91,11
6041,Female,45,32,100
6042,Female,54,64,26
6043,Female,65,103,72
6044,Male,42,59,92
6045,Male,53,141,82
6046,Female,34,107,13
6047,Male,41,35,36
6048,Male,38,90,64
6049,Female,19,105,51
6050,Female,48,110,76
6051,Male,61,110,22
6052,Male,50,89,60
6053,Female,47,124,2
6054,Male,29,96,56
6055,Male,61,142,40
6056,Female,29,117,28
6057,Female,68,147,77
6058,Male,66,49,97
6059,Male,69,126,3
6060,Male,41,101,63
6061,Female,41,133,98
6062,Male,28,112,23
6063,Male,30,95,55
6064,Female,44,96,32
6065,Female,25,40,84
6066,Male,27,17,28
6067,Female,25,73,8
6068,Female,37,130,3
6069,Male,25,145,94
6070,Female,26,144,89
6071,Female,24,50,53
6072,Male,31,100,94
6073,Female,45,112,29
6074,Male,19,138,94
6075,Male,60,87,98
6076,Female,25,124,89
6077,Female,30,136,81
6078,Female,38,144,59
6079,Male,64,41,24
6080,Female,45,82,38
6081,Male,52,28,28
6082,Female,40,112,97
6083,Female,63,37,62
6084,Female,32,129,100
6085,Male,19,126,51
6086,Female,68,110,7
6087,Female,29,92,23
6088,Male,69,75,46
6089,Male,53,99,90
6090,Female,20,85,78
6091,Female,22,99,28
6092,Female,20,64,24
6093,Male,64,29,7
6094,Male,36,48,100
6095,Male,19,49,79
6096,Male,61,53,49
6097,Female,54,147,3
6098,Male,34,44,2
6099,Male,31,146,7
6100,Male,45,117,80
6101,Female,44,88,21
6102,Female,27,69,9
6103,Male,20,74,12
6104,Male,53,38,93
6105,Female,55,36,24
6106,Female,42,46,33
6107,Female,39,109,78
6108,Female,65,97,43
6109,Female,56,17,82
6110,Female,64,84,5
6111,Female,47,144,79
6112,Female,38,102,71
6113,Male,47,123,89
6114,Male,45,73,14
6115,Male,48,91,36
6116,Male,69,28,35
6117,Male,43,65,50
6118,Male,60,92,88
6119,Female,39,94,79
6120,Female,38,24,11
6121,Male,18,94,24
6122,Male,54,138,75
6123,Female,30,48,44
6124,Female,38,135,51
6125,Female,63,94,17
6126,Male,26,67,70
6127,Female,34,32,85
6128,Male,64,116,8
6129,Male,38,149,79
6130,Female,48,112,96
6131,Female,56,59,74
6132,Male,39,49,28
6133,Female,29,128,79
6134,Female,23,35,12
6135,Male,33,110,43
6136,Female,43,58,82
6137,Male,22,94,37
6138,Male,26,70,88
6139,Female,63,69,63
6140,Male,57,57,93
6141,Male,31,64,63
6142,Female,61,20,10
6143,Female,59,76,78
6144,Female,47,69,80
6145,Male,69,130,37
6146,Male,69,45,11
6147,Female,43,88,90
6148,Male,62,48,19
6149,Female,46,24,52
6150,Female,36,66,18
6151,Male,64,92,94
6152,Female,25,17,32
6153,Male,40,149,23
6154,Male,59,18,12
6155,Female,52,62,58
6156,Male,48,88,77
6157,Female,52,93,21
6158,Male,49,18,21
6159,Male,22,18,93
6160,Male,33,134,93
6161,Female,34,133,91
6162,Male,49,31,29
6163,Female,55,110,79
6164,Male,49,84,47
6165,Male,69,111,12
6166,Female,37,22,58
6167,Female,65,128,41
6168,Female,19,19,19
6169,Female,37,61,12
6170,Female,64,54,23
6171,Male,35,136,5
6172,Male,18,149,26
6173,Female,46,108,63
6174,Male,46,42,52
6175,Male,36,91,10
6176,Male,61,63,86
6177,Female,57,100,39
6178,Male,23,68,23
6179,Male,61,32,11
6180,Male,56,41,92
6181,Female,67,86,95
6182,Male,63,148,72
6183,Male,25,136,48
6184,Female,41,119,92
6185,Female,37,83,16
6186,Male,31,85,46
6187,Male,22,131,47
6188,Female,58,46,95
6189,Female,57,123,48
6190,Female,51,111,80
6191,Female,33,15,69
6192,Female,62,122,99
6193,Female,24,128,25
6194,Female,33,55,77
6195,Male,24,22,93
6196,Female,44,44,91
6197,Female,31,60,81
6198,Male,31,119,37
6199,Female,61,110,63
6200,Female,50,75,29
6201,Male,50,103,58
6202,Female,61,140,98
6203,Male,37,75,94
6204,Male,64,134,31
6205,Male,53,135,86
6206,Male,24,62,89
6207,Female,49,73,68
6208,Male,65,25,99
6209,Male,20,39,41
6210,Female,56,60,50
6211,Male,46,68,44
6212,Male,41,48,9
6213,Male,39,98,59
6214,Male,23,149,90
6215,Female,65,76,91
6216,Male,41,71,27
6217,Female,57,107,82
6218,Female,40,130,94
6219,Male,55,90,59
6220,Male,27,147,95
6221,Male,33,90,3
6222,Male,28,51,93
6223,Female,49,44,7
6224,Female,62,56,82
6225,Female,23,75,16
6226,Male,41,62,49
6227,Female,50,98,32
6228,Male,68,107,89
6229,Male,29,82,44
6230,Male,44,60,96
6231,Male,55,127,19
6232,Male,35,42,3
6233,Female,62,91,60
6234,Female,56,135,35
6235,Male,30,17,29
6236,Female,57,51,75
6237,Male,47,106,70
6238,Male,66,97,83
6239,Male,58,31,45
6240,Female,69,135,27
6241,Male,30,101,69
6242,Male,51,54,90
6243,Female,53,87,35
6244,Female,47,43,19
6245,Female,42,56,17
6246,Male,19,43,35
6247,Male,53,80,77
6248,Female,35,138,78
6249,Male,22,134,30
6250,Female,36,123,48
6251,Female,59,106,57
6252,Male,35,126,17
6253,Male,49,66,15
6254,Female,38,74,82
6255,Female,27,108,14
6256,Female,54,112,14
6257,Female,66,28,45
6258,Male,39,65,97
6259,Female,30,38,38
6260,Female,34,121,63
6261,Female,26,87,75
6262,Male,41,98,11
6263,Male,61,75,48
6264,Female,31,120,26
6265,Male,63,108,67
6266,Male,25,77,25
6267,Male,54,109,81
6268,Female,36,49,61
6269,Female,45,81,86
6270,Male,63,70,93
6271,Female,58,54,26
6272,Female,47,148,34
6273,Male,24,143,90
6274,Male,43,38,9
6275,Female,57,116,40
6276,Male,63,129,75
6277,Female,63,149,7
6278,Female,28,89,30
6279,Male,31,25,66
6280,Female,38,50,30
6281,Female,25,77,68
6282,Male,20,94,58
6283,Male,45,102,55
6284,Male,46,44,14
6285,Female,40,117,77
6286,Male,35,126,89
6287,Male,52,98,77
6288,Male,30,119,77
6289,Male,29,35,37
6290,Female,64,51,44
6291,Female,67,41,6
6292,Male,22,116,26
6293,Female,56,52,14
6294,Male,28,74,8
6295,Male,28,84,24
6296,Female,64,46,86
6297,Female,59,94,39
6298,Male,64,145,49
6299,Male,48,116,85
6300,Female,48,116,63
6301,Male,30,44,26
6302,Female,31,36,10
6303,Male,66,33,77
6304,Male,62,45,58
6305,Female,59,34,14
6306,Female,42,144,73
6307,Female,50,54,71
6308,Female,50,105,39
6309,Female,32,86,31
6310,Female,33,123,50
6311,Female,61,41,16
6312,Male,55,93,72
6313,Male,23,92,51
6314,Male,61,31,15
6315,Female,42,98,89
6316,Female,32,102,38
6317,Female,21,88,79
6318,Male,21,141,89
6319,Female,47,116,71
6320,Female,51,110,90
6321,Male,44,65,72
6322,Female,48,115,82
6323,Male,49,85,21
6324,Male,61,85,16
6325,Female,56,24,67
6326,Female,69,111,65
6327,Female,26,148,13
6328,Male,58,20,64
6329,Male,25,91,61
6330,Male,31,91,32
6331,Female,50,16,12
6332,Female,40,65,95
6333,Female,38,135,41
6334,Female,29,142,66
6335,Male,19,16,8
6336,Male,30,65,59
6337,Male,21,84,25
6338,Male,37,34,5
6339,Female,67,37,45
6340,Female,68,68,2
6341,Female,65,148,42
6342,Male,31,71,38
6343,Male,47,129,3
6344,Female,46,137,46
6345,Female,25,50,22
6346,Male,29,85,33
6347,Female,58,83,32
6348,Male,55,72,17
6349,Male,43,77,82
6350,Male,67,30,56
6351,Female,19,148,3
6352,Female,57,92,70
6353,Male,31,136,49
6354,Female,23,16,55
6355,Male,59,128,77
6356,Male,57,128,31
6357,Male,48,138,81
6358,Male,34,100,21
6359,Female,42,143,16
6360,Male,49,35,17
6361,Male,29,15,96
6362,Female,66,146,1
6363,Male,30,72,72
6364,Male,36,15,65
6365,Female,61,21,66
6366,Female,65,65,37
6367,Female,42,17,24
6368,Male,48,45,91
6369,Female,54,114,84
6370,Female,42,76,62
6371,Male,33,122,21
6372,Male,55,69,37
6373,Male,60,58,35
6374,Male,66,95,38
6375,Male,40,44,53
6376,Female,31,80,15
6377,Female,23,28,42
6378,Female,42,115,94
6379,Male,40,120,4
6380,Male,60,117,39
6381,Male,29,76,79
6382,Female,30,89,23
6383,Female,53,93,15
6384,Male,56,121,90
6385,Female,51,110,12
6386,Male,23,54,82
6387,Female,55,121,70
6388,Female,67,31,82
6389,Female,69,29,54
6390,Male,57,30,88
6391,Female,25,27,38
6392,Female,25,50,28
6393,Male,57,57,79
6394,Female,50,128,19
6395,Male,51,88,69
6396,Male,61,95,64
6397,Male,32,108,4
6398,Male,53,44,81
6399,Male,52,44,10
6400,Female,63,24,12
6401,Male,39,113,69
6402,Male,40,108,7
6403,Male,57,53,44
6404,Male,62,51,23
6405,Female,68,145,2
6406,Male,39,103,94
6407,Female,22,28,37
6408,Male,48,53,69
6409,Female,30,144,20
6410,Male,45,57,90
6411,Male,37,145,44
6412,Female,50,22,70
6413,Male,33,110,93
6414,Female,46,79,74
6415,Male,40,93,51
6416,Female,41,146,80
6417,Male,51,82,98
6418,Male,24,106,31
6419,Female,55,24,100
6420,Male,54,89,41
6421,Male,21,75,58
6422,Male,51,61,5
6423,Male,59,17,33
6424,Male,39,117,43
6425,Male,22,31,19
6426,Female,67,36,32
6427,Female,59,130,87
6428,Female,40,105,3
6429,Male,32,118,1
6430,Female,48,17,100
6431,Male,26,66,41
6432,Male,60,125,92
6433,Male,42,56,48
6434,Male,42,144,39
6435,Female,66,53,5
6436,Male,38,60,77
6437,Female,26,62,11
6438,Male,65,41,22
6439,Female,55,29,87
6440,Female,39,21,64
6441,Female,60,123,12
6442,Female,40,56,53
6443,Female,66,23,55
6444,Female,21,119,53
6445,Male,46,148,21
6446,Female,32,90,19
6447,Male,18,44,69
6448,Female,47,98,88
6449,Male,46,140,94
6450,Female,37,98,72
6451,Female,50,68,66
6452,Male,58,124,59
6453,Female,61,41,49
6454,Female,53,98,98
6455,Female,39,21,59
6456,Male,30,118,23
6457,Female,24,86,3
6458,Male,25,16,56
6459,Female,45,64,58
6460,Female,62,32,88
6461,Male,60,30,62
6462,Female,26,66,18
6463,Female,42,98,61
6464,Male,33,110,37
6465,Female,27,56,54
6466,Male,28,127,95
6467,Male,48,138,78
6468,Male,29,29,65
6469,Female,48,104,14
6470,Male,31,56,5
6471,Male,68,59,95
6472,Female,61,108,95
6473,Male,49,121,94
6474,Female,67,36,100
6475,Female,34,142,62
6476,Female,52,52,1
6477,Female,18,111,63
6478,Male,46,115,67
6479,Male,68,21,20
6480,Male,21,58,43
6481,Male,40,90,85
6482,Male,45,21,94
6483,Female,33,74,42
6484,Male,29,15,94
6485,Male,38,76,69
6486,Male,62,101,74
6487,Female,34,103,88
6488,Female,57,32,39
6489,Male,30,122,62
6490,Female,69,149,48
6491,Male,49,129,6
6492,Male,54,68,74
6493,Female,67,81,42
6494,Female,32,107,58
6495,Male,29,73,43
6496,Male,66,83,10
6497,Female,32,112,89
6498,Male,51,22,78
6499,Female,23,69,39
6500,Male,34,148,13
6501,Female,65,143,75
6502,Male,66,70,39
6503,Male,37,118,11
6504,Female,26,128,16
6505,Male,22,102,33
6506,Male,40,122,60
6507,Female,50,37,96
6508,Male,55,115,59
6509,Male,31,70,74
6510,Male,34,122,51
6511,Female,36,109,15
6512,Female,50,20,80
6513,Female,18,44,43
6514,Male,30,143,27
6515,Male,63,65,56
6516,Male,44,120,60
6517,Male,23,103,96
6518,Female,23,141,70
6519,Male,50,60,47
6520,Male,47,135,100
6521,Male,63,113,8
6522,Female,52,83,63
6523,Male,40,77,89
6524,Male,27,64,7
6525,Male,68,26,81
6526,Male,36,83,94
6527,Male,68,87,2
6528,Female,45,58,17
6529,Male,40,66,4
6530,Male,21,23,26
6531,Male,37,132,78
6532,Male,36,24,72
6533,Male,59,60,69
6534,Male,44,117,5
6535,Male,51,51,5
6536,Male,21,66,91
6537,Male,55,113,69
6538,Male,24,95,3
6539,Female,65,27,38
6540,Female,24,148,94
6541,Female,67,115,1
6542,Female,69,142,8
6543,Male,43,62,13
6544,Female,43,25,84
6545,Female,36,95,70
6546,Male,26,19,50
6547,Female,37,20,8
6548,Female,59,131,30
6549,Male,62,56,40
6550,Male,67,95,79
6551,Male,33,17,74
6552,Female,34,74,33
6553,Female,39,107,73
6554,Male,30,63,52
6555,Male,29,48,33
6556,Female,27,51,73
6557,Male,18,56,78
6558,Female,49,15,96
6559,Male,47,146,37
6560,Male,25,117,70
6561,Female,38,124,69
6562,Male,39,48,4
6563,Male,35,15,60
6564,Male,19,67,80
6565,Female,65,36,74
6566,Male,61,30,31
6567,Male,26,133,95
6568,Male,20,100,14
6569,Male,43,56,77
6570,Male,38,85,60
6571,Male,47,131,68
6572,Female,45,34,26
6573,Female,53,122,24
6574,Male,43,144,56
6575,Female,51,21,9
6576,Female,25,23,35
6577,Male,27,41,79
6578,Female,65,144,24
6579,Female,60,99,31
6580,Female,67,74,83
6581,Female,31,126,66
6582,Female,57,100,66
6583,Female,32,144,41
6584,Female,34,97,36
6585,Female,35,118,34
6586,Male,49,102,39
6587,Male,55,34,83
6588,Female,40,140,23
6589,Female,63,112,80
6590,Male,40,65,44
6591,Female,52,102,70
6592,Female,56,77,58
6593,Male,32,103,59
6594,Male,41,145,26
6595,Male,45,103,22
6596,Female,33,106,88
6597,Female,33,90,40
6598,Male,57,40,85
6599,Male,56,122,94
6600,Female,23,22,11
6601,Male,19,147,9
6602,Female,30,56,12
6603,Female,61,133,26
6604,Male,64,122,38
6605,Male,26,134,3
6606,Female,51,60,97
6607,Male,34,106,15
6608,Male,44,88,47
6609,Male,46,110,5
6610,Male,54,32,54
6611,Female,60,129,24
6612,Female,39,86,11
6613,Female,68,60,33
6614,Female,41,52,87
6615,Male,24,144,74
6616,Male,51,23,57
6617,Female,65,122,52
6618,Female,29,147,64
6619,Male,40,112,43
6620,Female,32,33,92
6621,Female,50,85,81
6622,Male,30,53,44
6623,Female,40,56,90
6624,Male,55,104,89
6625,Male,49,121,36
6626,Female,62,110,12
6627,Male,67,46,56
6628,Female,52,140,3
6629,Male,18,38,50
6630,Female,64,38,29
6631,Female,62,134,88
6632,Female,22,32,83
6633,Male,30,55,77
6634,Male,22,101,16
6635,Female,49,96,40
6636,Male,68,47,27
6637,Female,38,38,70
6638,Female,41,75,42
6639,Male,35,69,57
6640,Female,38,98,10
6641,Male,27,133,38
6642,Female,41,86,8
6643,Male,57,88,18
6644,Female,64,143,96
6645,Female,38,99,17
6646,Male,42,110,58
6647,Female,69,67,66
6648,Female,40,124,44
6649,Male,39,74,84
6650,Female,21,65,74
6651,Male,51,135,9
6652,Female,23,87,48
6653,Male,45,21,39
6654,Female,48,89,89
6655,Female,52,33,89
6656,Female,56,84,88
6657,Male,59,70,6
6658,Male,40,94,30
6659,Male,23,123,74
6660,Male,33,49,95
6661,Female,19,86,18
6662,Female,41,106,43
6663,Male,34,17,33
6664,Male,62,80,53
6665,Male,18,66,56
6666,Female,23,107,19
6667,Male,22,61,87
6668,Male,62,17,69
6669,Female,67,98,26
6670,Female,46,48,29
6671,Male,29,64,24
6672,Female,56,47,6
6673,Male,64,87,54
6674,Female,20,17,39
6675,Male,65,16,4
6676,Male,18,146,58
6677,Male,44,30,48
6678,Male,65,47,60
6679,Female,41,23,26
6680,Female,61,71,79
6681,Female,36,54,77
6682,Female,25,66,40
6683,Male,61,30,86
6684,Male,64,101,77
6685,Female,19,74,56
6686,Female,47,17,39
6687,Female,47,29,81
6688,Female,66,116,100
6689,Female,56,37,39
6690,Male,62,145,48
6691,Male,49,31,25
6692,Male,18,128,34
6693,Female,55,72,21
6694,Female,30,124,25
6695,Female,28,149,89
6696,Female,27,92,22
6697,Male,65,58,23
6698,Male,43,26,25
6699,Female,37,22,78
6700,Male,34,94,78
6701,Male,34,55,26
6702,Female,21,60,30
6703,Female,22,43,90
6704,Female,40,30,38
6705,Female,63,147,86
6706,Female,69,19,34
6707,Female,27,44,89
6708,Male,63,131,100
6709,Male,45,19,77
6710,Female,50,63,93
6711,Male,60,103,73
6712,Female,43,64,15
6713,Female,67,28,95
6714,Female,65,122,44
6715,Female,46,60,91
6716,Male,44,96,95
6717,Female,35,140,10
6718,Male,57,98,37
6719,Female,27,48,7
6720,Female,59,85,32
6721,Female,22,74,11
6722,Male,27,88,48
6723,Female,67,95,92
6724,Female,38,112,68
6725,Female,41,105,48
6726,Male,55,109,45
6727,Male,20,146,95
6728,Male,57,74,93
6729,Female,48,127,33
6730,Male,58,95,4
6731,Female,54,98,47
6732,Male,19,39,90
6733,Male,19,47,53
6734,Female,56,33,31
6735,Male,66,71,31
6736,Female,59,29,27
6737,Female,61,55,89
6738,Male,51,74,48
6739,Female,59,123,36
6740,Female,37,110,49
6741,Male,50,36,31
6742,Male,21,40,44
6743,Female,62,147,59
6744,Male,61,139,23
6745,Female,28,111,99
6746,Female,59,147,68
6747,Male,64,85,92
6748,Male,22,32,42
6749,Male,42,109,42
6750,Male,66,148,13
6751,Female,54,80,1
6752,Female,51,141,76
6753,Male,26,56,53
6754,Male,23,131,40
6755,Female,35,25,90
6756,Female,31,40,46
6757,Female,36,70,87
6758,Female,31,132,22
6759,Male,57,71,52
6760,Female,34,19,28
6761,Female,52,28,53
6762,Male,46,38,63
6763,Female,59,82,17
6764,Female,34,62,64
6765,Male,60,74,6
6766,Male,25,17,14
6767,Male,18,133,17
6768,Female,62,114,38
6769,Female,53,97,69
6770,Male,24,38,13
6771,Male,63,146,53
6772,Female,22,15,9
6773,Male,41,130,44
6774,Male,45,24,26
6775,Male,60,143,77
6776,Female,34,93,19
6777,Female,54,113,48
6778,Female,37,147,81
6779,Female,20,59,80
6780,Female,54,132,30
6781,Female,43,66,32
6782,Male,32,126,78
6783,Female,68,149,79
6784,Female,65,126,76
6785,Male,25,27,75
6786,Female,30,31,69
6787,Female,65,58,11
6788,Male,20,87,98
6789,Male,18,19,83
6790,Male,26,47,26
6791,Female,48,146,26
6792,Male,58,82,17
6793,Female,43,30,95
6794,Female,34,50,83
6795,Female,51,116,44
6796,Female,26,39,84
6797,Male,68,86,23
6798,Male,30,95,25
6799,Female,22,75,92
6800,Male,58,32,37
6801,Female,30,72,76
6802,Female,18,90,65
6803,Female,42,135,2
6804,Male,64,71,74
6805,Female,21,111,98
6806,Female,53,77,32
6807,Male,69,26,89
6808,Male,27,25,74
6809,Male,45,41,55
6810,Male,23,118,50
6811,Female,44,81,65
6812,Male,29,103,32
6813,Female,69,59,37
6814,Male,65,95,76
6815,Male,20,81,82
6816,Male,63,116,94
6817,Male,50,105,13
6818,Male,27,56,54
6819,Male,48,34,3
6820,Female,32,62,85
6821,Male,24,32,42
6822,Male,53,142,78
6823,Male,31,91,40
6824,Male,65,20,74
6825,Female,31,53,66
6826,Male,20,25,60
6827,Male,66,126,11
6828,Male,63,122,1
6829,Male,67,108,26
6830,Female,20,69,42
6831,Male,39,98,62
6832,Female,36,72,61
6833,Male,52,51,77
6834,Female,29,30,92
6835,Female,22,84,100
6836,Male,27,107,85
6837,Male,58,32,62
6838,Female,50,144,74
6839,Female,30,60,12
6840,Male,52,33,27
6841,Female,68,52,67
6842,Female,49,51,28
6843,Female,28,126,66
6844,Male,65,59,28
6845,Female,55,131,95
6846,Female,41,144,21
6847,Female,52,58,7
6848,Male,36,111,95
6849,Male,23,97,14
6850,Female,57,138,39
6851,Male,62,138,73
6852,Female,61,41,87
6853,Male,59,62,62
6854,Male,52,108,12
6855,Female,21,21,93
6856,Male,50,99,38
6857,Male,30,126,58
6858,Male,53,103,56
6859,Female,60,142,39
6860,Male,36,32,86
6861,Male,60,47,4
6862,Female,29,110,48
6863,Male,28,136,7
6864,Male,23,39,60
6865,Male,29,18,40
6866,Male,44,122,8
6867,Male,58,96,58
6868,Female,42,24,57
6869,Female,59,49,35
6870,Male,20,113,73
6871,Male,20,118,13
6872,Male,37,37,39
6873,Female,45,79,84
6874,Female,40,96,21
6875,Male,65,31,47
6876,Male,20,142,83
6877,Female,59,45,2
6878,Male,41,79,44
6879,Female,60,94,30
6880,Female,57,106,87
6881,Male,23,44,55
6882,Female,37,137,40
6883,Male,28,145,77
6884,Male,49,84,97
6885,Male,44,43,96
6886,Male,38,17,92
6887,Male,61,89,24
6888,Male,65,59,42
6889,Female,67,83,28
6890,Female,30,125,94
6891,Female,39,98,93
6892,Female,52,66,98
6893,Male,64,130,51
6894,Female,39,117,22
6895,Female,45,94,89
6896,Female,38,43,78
6897,Male,63,116,74
6898,Female,35,73,74
6899,Male,48,26,8
6900,Female,63,24,14
6901,Male,54,148,45
6902,Male,38,149,38
6903,Female,31,45,32
6904,Male,42,105,62
6905,Male,44,17,96
6906,Female,57,118,67
6907,Female,40,140,84
6908,Female,48,15,61
6909,Male,64,149,13
6910,Male,46,29,87
6911,Male,64,103,83
6912,Female,47,136,80
6913,Male,68,130,100
6914,Male,43,50,99
6915,Male,37,81,47
6916,Male,55,147,54
6917,Male,36,39,71
6918,Male,44,25,52
6919,Male,42,80,72
6920,Female,57,74,25
6921,Female,55,64,23
6922,Female,69,77,74
6923,Male,40,106,30
6924,Male,46,52,97
6925,Female,32,134,11
6926,Male,20,47,35
6927,Female,27,89,27
6928,Male,32,59,67
6929,Male,33,143,47
6930,Female,34,67,50
6931,Female,36,81,8
6932,Female,28,119,55
6933,Female,65,28,77
6934,Female,22,138,42
6935,Male,22,134,67
6936,Male,31,50,20
6937,Male,67,142,45
6938,Female,43,148,35
6939,Female,25,111,77
6940,Female,22,95,20
6941,Female,24,87,24
6942,Female,33,85,57
6943,Female,31,60,55
6944,Male,54,74,9
6945,Male,58,74,94
6946,Male,21,19,89
6947,Male,53,149,16
6948,Male,65,73,55
6949,Female,34,23,72
6950,Female,64,59,58
6951,Female,53,94,64
6952,Female,23,27,92
6953,Female,33,97,76
6954,Female,46,26,88
6955,Male,53,24,49
6956,Female,55,30,29
6957,Female,54,106,79
6958,Female,65,33,82
6959,Female,65,118,7
6960,Male,27,148,77
6961,Male,58,146,83
6962,Female,53,117,69
6963,Male,46,109,90
6964,Male,31,41,2
6965,Female,21,51,33
6966,Female,61,75,48
6967,Female,59,49,37
6968,Female,53,120,89
6969,Female,67,61,89
6970,Male,62,69,30
6971,Female,30,102,41
6972,Female,63,109,4
6973,Female,35,20,83
6974,Male,50,135,91
6975,Female,38,64,39
6976,Female,33,27,24
6977,Female,32,39,50
6978,Male,22,137,37
6979,Female,23,143,53
6980,Female,55,63,25
6981,Female,20,136,93
6982,Male,65,49,31
6983,Female,29,97,99
6984,Female,53,67,92
6985,Female,50,90,38
6986,Male,53,118,58
6987,Female,50,61,53
6988,Female,48,57,50
6989,Female,38,107,4
6990,Male,44,92,92
6991,Male,44,21,52
6992,Female,25,84,31
6993,Male,54,50,87
6994,Male,49,118,78
6995,Male,43,68,92
6996,Female,19,39,14
6997,Female,29,81,1
6998,Male,39,123,43
6999,Male,34,62,96
7000,Male,24,105,59
7001,Female,60,16,61
7002,Female,21,148,41
7003,Male,54,141,18
7004,Male,55,60,60
7005,Male,49,120,69
7006,Male,28,54,79
7007,Female,18,72,59
7008,Male,42,92,42
7009,Female,59,47,80
7010,Male,69,76,100
7011,Male,41,26,36
7012,Male,60,140,40
7013,Male,34,63,30
7014,Male,25,102,87
7015,Female,62,92,11
7016,Male,44,19,25
7017,Male,69,83,45
7018,Male,35,125,51
7019,Female,44,74,43
7020,Female,39,60,66
7021,Female,33,27,99
7022,Female,19,122,47
7023,Male,22,126,24
7024,Male,35,114,77
7025,Male,20,127,37
7026,Female,44,111,56
7027,Male,34,65,94
7028,Male,33,132,75
7029,Female,23,50,87
7030,Female,68,95,46
7031,Female,24,117,28
7032,Male,67,48,93
7033,Male,31,147,52
7034,Female,55,62,15
7035,Male,57,118,45
7036,Female,32,105,58
7037,Female,64,138,67
7038,Male,64,54,73
7039,Female,65,40,72
7040,Female,50,110,97
7041,Female,60,94,98
7042,Male,44,71,73
7043,Female,46,125,81
7044,Female,54,90,41
7045,Female,22,43,65
7046,Female,46,144,40
7047,Female,49,16,5
7048,Female,23,17,94
7049,Female,19,86,75
7050,Male,23,25,28
7051,Male,63,18,38
7052,Female,60,102,81
7053,Male,21,127,87
7054,Male,46,30,18
7055,Female,42,100,37
7056,Male,26,24,27
7057,Female,20,38,25
7058,Female,43,78,69
7059,Female,65,70,83
7060,Female,60,103,27
7061,Female,44,36,77
7062,Male,53,64,54
7063,Female,49,61,7
7064,Male,18,37,90
7065,Female,33,97,78
7066,Female,68,33,27
7067,Female,65,43,59
7068,Male,28,75,72
7069,Female,43,99,31
7070,Female,57,49,99
7071,Female,18,19,91
7072,Female,43,90,68
7073,Male,45,21,4
7074,Female,26,144,18
7075,Male,61,116,63
7076,Female,39,58,87
7077,Male,25,84,96
7078,Male,66,105,76
7079,Female,59,76,52
7080,Female,44,34,84
7081,Male,56,86,63
7082,Female,36,134,45
7083,Female,42,109,12
7084,Female,55,141,8
7085,Male,38,127,22
7086,Female,41,121,91
7087,Female,41,94,41
7088,Female,36,42,41
7089,Male,67,44,81
7090,Female,64,23,57
7091,Male,19,73,32
7092,Female,31,93,97
7093,Male,49,117,95
7094,Female,59,128,55
7095,Female,49,61,6
7096,Male,45,112,39
7097,Male,65,56,9
7098,Male,56,61,32
7099,Female,57,88,36
7100,Female,59,65,16
7101,Female,64,108,12
7102,Female,57,134,41
7103,Male,30,89,67
7104,Female,29,137,58
7105,Female,25,136,91
7106,Female,32,35,91
7107,Female,43,15,9
7108,Female,29,83,17
7109,Female,60,100,5
7110,Female,68,85,26
7111,Male,63,27,85
7112,Female,44,37,1
7113,Female,35,20,1
7114,Female,62,90,35
7115,Female,53,23,9
7116,Male,66,42,87
7117,Male,68,130,38
7118,Male,44,110,4
7119,Male,26,89,52
7120,Male,56,102,19
7121,Male,18,70,5
7122,Female,24,119,92
7123,Male,43,49,48
7124,Male,24,39,87
7125,Female,69,127,63
7126,Male,24,113,38
7127,Female,25,45,52
7128,Female,33,95,87
7129,Male,20,64,46
7130,Female,62,101,82
7131,Male,27,61,93
7132,Male,67,15,92
7133,Female,24,139,9
7134,Female,38,120,50
7135,Male,54,139,74
7136,Female,48,33,66
7137,Female,40,86,77
7138,Male,44,143,38
7139,Male,39,38,27
7140,Female,56,98,20
7141,Male,44,134,62
7142,Male,66,83,74
7143,Male,21,120,16
7144,Male,41,83,79
7145,Male,40,25,13
7146,Male,65,117,20
7147,Male,36,27,24
7148,Female,59,15,50
7149,Male,20,16,7
7150,Female,44,123,87
7151,Female,20,18,88
7152,Female,45,71,29
7153,Male,34,127,5
7154,Male,48,37,35
7155,Female,27,138,65
7156,Male,66,131,100
7157,Female,39,144,82
7158,Male,47,101,70
7159,Male,66,139,87
7160,Female,38,125,74
7161,Female,53,21,7
7162,Female,40,58,44
7163,Male,55,127,72
7164,Female,29,18,13
7165,Male,42,132,94
7166,Male,37,37,82
7167,Male,66,104,78
7168,Female,66,106,75
7169,Female,59,65,38
7170,Female,24,129,13
7171,Male,46,95,54
7172,Male,65,117,44
7173,Female,46,94,97
7174,Male,30,117,13
7175,Male,20,23,25
7176,Female,19,47,24
7177,Female,33,49,29
7178,Female,47,64,100
7179,Male,55,38,70
7180,Male,23,53,18
7181,Male,62,39,92
7182,Male,24,46,5
7183,Male,22,122,18
7184,Female,24,47,63
7185,Male,51,121,37
7186,Male,49,125,71
7187,Male,66,135,55
7188,Female,30,30,73
7189,Female,47,25,99
7190,Female,42,112,12
7191,Male,38,130,52
7192,Female,38,39,57
7193,Female,45,107,46
7194,Female,65,125,44
7195,Male,37,110,24
7196,Female,51,26,9
7197,Male,22,35,12
7198,Male,35,141,100
7199,Female,56,43,9
7200,Male,60,135,22
7201,Female,28,138,17
7202,Male,34,47,33
7203,Female,65,91,47
7204,Female,62,55,88
7205,Female,39,88,15
7206,Male,54,77,93
7207,Female,37,28,96
7208,Male,65,89,33
7209,Female,65,81,93
7210,Male,65,107,15
7211,Male,63,67,27
7212,Female,23,108,98
7213,Female,51,127,61
7214,Female,31,149,68
7215,Female,65,25,82
7216,Female,40,39,85
7217,Male,37,97,48
7218,Female,30,107,8
7219,Female,64,69,6
7220,Male,61,33,63
7221,Female,58,106,84
7222,Female,49,104,2
7223,Male,43,25,22
7224,Female,67,74,21
7225,Female,31,55,6
7226,Female,69,144,96
7227,Male,53,121,70
7228,Female,25,74,13
7229,Male,57,36,1
7230,Female,39,142,22
7231,Male,39,140,24
7232,Female,33,117,64
7233,Male,44,146,41
7234,Male,27,124,94
7235,Male,42,72,22
7236,Male,48,79,61
7237,Male,38,72,12
7238,Male,44,90,90
7239,Female,34,33,4
7240,Female,50,142,83
7241,Male,48,118,80
7242,Male,67,121,12
7243,Male,59,132,33
7244,Male,43,93,21
7245,Female,38,98,100
7246,Male,53,132,73
7247,Female,18,24,72
7248,Female,21,44,84
7249,Male,21,38,74
7250,Male,43,69,96
7251,Female,21,118,92
7252,Female,66,141,74
7253,Male,26,139,72
7254,Male,47,107,52
7255,Male,68,22,47
7256,Female,62,89,97
7257,Female,21,54,59
7258,Male,22,99,47
7259,Female,62,30,56
7260,Female,40,92,13
7261,Male,33,62,44
7262,Male,39,105,35
7263,Female,54,143,29
7264,Female,25,36,56
7265,Male,65,28,5
7266,Male,50,87,67
7267,Male,55,33,53
7268,Male,60,54,60
7269,Male,33,112,6
7270,Female,22,18,48
7271,Female,33,47,80
7272,Female,24,57,35
7273,Female,68,41,18
7274,Male,18,95,11
7275,Male,26,127,51
7276,Male,35,131,23
7277,Female,62,138,47
7278,Female,64,109,75
7279,Female,20,77,59
7280,Male,41,148,57
7281,Female,45,138,93
7282,Male,27,130,56
7283,Male,26,109,27
7284,Male,30,81,73
7285,Male,65,111,35
7286,Male,52,130,55
7287,Male,40,27,9
7288,Female,64,78,18
7289,Male,34,99,44
7290,Male,63,70,21
7291,Female,24,146,56
7292,Male,69,126,48
7293,Female,33,47,100
7294,Female,57,67,1
7295,Female,53,115,27
7296,Male,37,103,45
7297,Male,41,43,63
7298,Female,64,65,58
7299,Male,22,64,40
7300,Male,62,125,63
7301,Female,23,50,38
7302,Female,45,123,29
7303,Male,22,74,40
7304,Female,66,34,19
7305,Female,56,147,88
7306,Female,55,138,56
7307,Male,19,15,44
7308,Male,60,33,65
7309,Male,56,101,100
7310,Female,38,43,87
7311,Male,57,73,13
7312,Female,54,77,30
7313,Male,35,112,49
7314,Male,65,62,75
7315,Female,63,76,63
7316,Male,29,32,71
7317,Female,34,41,35
7318,Male,54,20,11
7319,Male,63,20,49
7320,Female,55,45,40
7321,Female,32,119,21
7322,Female,24,108,47
7323,Male,31,70,3
7324,Male,67,32,30
7325,Male,18,101,88
7326,Female,55,37,67
7327,Female,20,39,62
7328,Female,54,21,37
7329,Male,61,147,97
7330,Male,48,32,22
7331,Female,60,120,31
7332,Male,30,47,46
7333,Female,65,93,76
7334,Male,35,49,45
7335,Male,34,124,14
7336,Female,34,79,12
7337,Male,28,77,63
7338,Male,37,86,91
7339,Female,27,55,77
7340,Female,46,142,88
7341,Male,65,122,38
7342,Female,51,118,47
7343,Male,34,52,54
7344,Female,69,49,55
7345,Male,59,116,48
7346,Male,30,82,73
7347,Female,61,51,72
7348,Male,64,99,15
7349,Male,56,43,71
7350,Female,44,55,88
7351,Female,43,70,16
7352,Male,45,30,88
7353,Female,30,80,43
7354,Female,29,83,7
7355,Male,61,37,43
7356,Male,45,67,28
7357,Female,19,134,66
7358,Female,54,142,98
7359,Female,51,63,60
7360,Male,40,27,3
7361,Male,69,122,1
7362,Male,62,99,31
7363,Male,46,59,56
7364,Male,52,96,87
7365,Male,28,82,84
7366,Male,65,111,80
7367,Female,50,91,46
7368,Female,68,49,32
7369,Male,28,66,81
7370,Male,26,54,18
7371,Male,31,135,68
7372,Female,26,127,35
7373,Male,56,125,100
7374,Female,65,50,23
7375,Female,20,148,79
7376,Female,46,84,13
7377,Female,36,87,78
7378,Female,53,30,14
7379,Male,49,52,37
7380,Male,24,32,5
7381,Female,45,26,22
7382,Male,61,68,28
7383,Female,35,15,4
7384,Female,22,125,50
7385,Male,40,35,29
7386,Male,39,143,37
7387,Male,43,107,35
7388,Male,59,138,20
7389,Male,29,53,35
7390,Female,57,74,99
7391,Male,36,111,84
7392,Male,64,118,2
7393,Male,18,124,58
7394,Female,20,43,18
7395,Male,44,103,94
7396,Female,35,133,56
7397,Male,67,65,64
7398,Male,47,122,93
7399,Female,19,72,52
7400,Male,22,50,22
7401,Male,46,42,93
7402,Female,50,145,60
7403,Male,59,115,10
7404,Female,37,121,84
7405,Female,47,103,80
7406,Female,59,49,6
7407,Female,22,107,81
7408,Female,67,119,6
7409,Male,38,90,86
7410,Male,32,98,82
7411,Male,37,90,96
7412,Female,25,64,28
7413,Female,66,114,42
7414,Female,48,86,74
7415,Female,29,129,41
7416,Male,38,91,63
7417,Male,47,135,22
7418,Female,44,68,92
7419,Female,61,85,79
7420,Male,43,99,29
7421,Female,50,116,71
7422,Female,43,121,34
7423,Female,43,42,96
7424,Male,53,122,2
7425,Male,57,35,26
7426,Female,18,41,75
7427,Male,32,91,89
7428,Female,67,64,19
7429,Female,18,71,20
7430,Male,28,133,33
7431,Female,19,78,81
7432,Female,18,62,94
7433,Male,48,18,82
7434,Female,61,145,96
7435,Female,33,75,4
7436,Female,39,110,32
7437,Male,59,18,19
7438,Female,35,79,3
7439,Male,64,138,92
7440,Female,34,107,61
7441,Female,47,45,38
7442,Female,27,85,6
7443,Female,52,16,56
7444,Male,38,64,40
7445,Male,33,149,81
7446,Female,23,22,69
7447,Female,20,69,83
7448,Female,58,57,42
7449,Female,60,44,99
7450,Female,38,73,86
7451,Female,30,23,88
7452,Female,35,82,74
7453,Female,41,95,2
7454,Male,44,137,28
7455,Male,21,144,17
7456,Male,39,37,70
7457,Female,41,36,69
7458,Female,57,23,39
7459,Female,62,104,7
7460,Male,27,47,32
7461,Female,19,103,4
7462,Male,57,109,21
7463,Female,23,83,32
7464,Male,65,52,82
7465,Male,35,78,97
7466,Male,34,86,14
7467,Female,55,34,70
7468,Male,62,48,75
7469,Female,40,125,46
7470,Female,63,56,20
7471,Female,47,80,93
7472,Female,38,35,58
7473,Female,27,93,99
7474,Male,60,84,80
7475,Female,30,19,48
7476,Female,29,81,7
7477,Female,26,30,40
7478,Female,21,113,59
7479,Female,56,87,36
7480,Male,41,49,44
7481,Male,51,97,31
7482,Female,56,124,42
7483,Male,58,53,44
7484,Male,22,24,43
7485,Female,32,15,43
7486,Male,67,20,47
7487,Female,21,80,6
7488,Male,68,52,93
7489,Male,69,81,91
7490,Male,56,114,66
7491,Female,25,91,86
7492,Male,66,49,9
7493,Male,62,59,11
7494,Female,41,82,80
7495,Female,45,31,77
7496,Male,60,19,18
7497,Female,44,71,25
7498,Male,18,109,97
7499,Male,51,44,74
7500,Female,34,21,58
7501,Female,54,138,30
7502,Female,55,105,1
7503,Male,43,66,63
7504,Female,41,20,97
7505,Male,56,123,79
7506,Female,38,109,29
7507,Male,47,80,66
7508,Female,64,24,75
7509,Male,68,40,53
7510,Female,65,147,98
7511,Male,30,82,19
7512,Female,54,112,66
7513,Female,20,85,84
7514,Male,49,64,52
7515,Female,52,31,31
7516,Male,36,25,60
7517,Male,31,67,68
7518,Female,65,64,93
7519,Male,39,138,30
7520,Female,34,76,13
7521,Female,21,90,15
7522,Male,62,137,20
7523,Female,57,104,34
7524,Male,36,43,92
7525,Male,54,116,20
7526,Female,19,115,50
7527,Female,32,124,89
7528,Male,19,123,27
7529,Male,28,43,30
7530,Female,62,73,56
7531,Female,40,84,84
7532,Female,27,110,65
7533,Female,20,58,99
7534,Male,22,98,55
7535,Female,20,135,24
7536,Male,55,71,25
7537,Male,30,131,53
7538,Female,59,78,76
7539,Male,36,113,11
7540,Female,57,52,94
7541,Male,67,41,60
7542,Female,52,31,77
7543,Male,41,77,47
7544,Male,41,25,25
7545,Female,34,78,25
7546,Female,57,53,17
7547,Male,27,144,12
7548,Male,19,129,52
7549,Female,61,59,11
7550,Male,40,102,10
7551,Female,23,94,81
7552,Male,19,23,60
7553,Female,38,119,54
7554,Male,52,139,80
7555,Female,66,92,63
7556,Female,46,59,20
7557,Male,24,122,5
7558,Female,46,113,41
7559,Male,54,41,63
7560,Female,40,54,56
7561,Female,50,40,32
7562,Female,25,97,27
7563,Male,29,40,68
7564,Female,63,84,48
7565,Male,65,81,7
7566,Female,27,20,46
7567,Male,32,42,78
7568,Male,41,27,88
7569,Male,43,77,18
7570,Female,64,27,38
7571,Male,59,143,65
7572,Female,56,54,17
7573,Male,20,45,90
7574,Male,19,31,86
7575,Male,23,123,82
7576,Male,38,78,38
7577,Female,26,71,92
7578,Male,27,39,85
7579,Male,53,136,63
7580,Female,20,92,97
7581,Male,58,71,94
7582,Male,41,85,42
7583,Male,39,102,8
7584,Male,66,127,30
7585,Female,31,114,64
7586,Female,59,61,9
7587,Male,62,130,97
7588,Female,61,145,57
7589,Female,44,104,59
7590,Male,50,125,93
7591,Female,39,104,95
7592,Male,46,143,67
7593,Female,36,149,75
7594,Female,36,26,5
7595,Female,23,120,95
7596,Male,62,136,84
7597,Female,36,67,4
7598,Male,30,114,8
7599,Male,43,51,42
7600,Female,39,133,35
7601,Male,38,73,13
7602,Female,53,68,5
7603,Male,19,15,40
7604,Male,64,42,19
7605,Female,61,126,82
7606,Female,47,30,97
7607,Female,44,42,4
7608,Female,24,126,59
7609,Male,37,143,18
7610,Male,67,130,24
7611,Male,48,112,93
7612,Female,40,84,31
7613,Male,30,106,58
7614,Female,34,17,28
7615,Male,21,95,9
7616,Female,31,58,45
7617,Male,37,38,90
7618,Male,30,113,49
7619,Female,20,126,2
7620,Male,43,137,6
7621,Female,43,126,29
7622,Male,35,144,26
7623,Male,49,82,28
7624,Female,31,105,7
7625,Female,64,74,34
7626,Male,20,146,56
7627,Male,18,138,10
7628,Male,43,110,57
7629,Male,41,143,47
7630,Male,66,47,86
7631,Male,52,44,27
7632,Female,31,19,39
7633,Female,20,132,22
7634,Female,30,52,19
7635,Male,64,31,100
7636,Male,67,123,9
7637,Male,31,54,19
7638,Female,38,125,2
7639,Female,43,142,92
7640,Male,20,109,61
7641,Male,68,43,59
7642,Female,57,87,86
7643,Female,21,35,70
7644,Female,53,74,71
7645,Male,68,112,70
7646,Male,60,89,33
7647,Male,18,133,78
7648,Female,57,127,65
7649,Female,64,128,25
7650,Male,50,117,70
7651,Male,24,94,28
7652,Female,69,77,18
7653,Male,69,71,63
7654,Female,28,43,91
7655,Female,44,143,49
7656,Male,31,138,66
7657,Female,39,73,40
7658,Male,33,100,85
7659,Female,63,85,87
7660,Female,29,103,66
7661,Male,66,112,80
7662,Female,63,58,4
7663,Male,27,130,34
7664,Male,41,89,5
7665,Female,63,37,98
7666,Male,35,59,22
7667,Male,39,106,20
7668,Male,26,27,47
7669,Male,34,48,77
7670,Male,55,84,34
7671,Male,57,122,44
7672,Female,30,147,6
7673,Male,67,140,56
7674,Female,54,35,29
7675,Female,23,145,97
7676,Male,38,37,53
7677,Female,68,33,1
7678,Female,53,64,59
7679,Male,24,34,48
7680,Male,53,130,7
7681,Male,42,106,86
7682,Female,28,107,32
7683,Female,61,97,78
7684,Male,31,67,61
7685,Male,62,137,57
7686,Female,46,99,51
7687,Female,27,96,88
7688,Female,67,23,19
7689,Female,65,18,27
7690,Male,22,39,63
7691,Female,25,48,60
7692,Female,63,87,61
7693,Female,22,96,61
7694,Female,41,18,87
7695,Male,57,21,45
7696,Male,43,29,21
7697,Female,23,52,44
7698,Female,33,105,93
7699,Male,53,66,1
7700,Male,29,95,95
7701,Female,28,114,91
7702,Female,20,21,44
7703,Male,61,121,100
7704,Male,54,59,62
7705,Male,23,73,61
7706,Male,36,136,91
7707,Male,35,35,79
7708,Male,33,17,89
7709,Female,40,16,79
7710,Male,60,43,83
7711,Male,54,51,50
7712,Male,26,59,75
7713,Male,20,134,41
7714,Female,25,60,33
7715,Female,55,67,87
7716,Male,21,59,12
7717,Female,29,46,2
7718,Female,61,32,21
7719,Female,48,27,14
7720,Female,42,146,34
7721,Female,33,37,79
7722,Female,59,76,85
7723,Male,31,68,64
7724,Male,30,83,23
7725,Male,58,28,85
7726,Male,24,112,50
7727,Male,29,42,14
7728,Female,54,109,85
7729,Male,67,85,76
7730,Male,21,81,46
7731,Female,19,114,5
7732,Female,52,75,66
7733,Male,61,117,22
7734,Female,20,133,70
7735,Female,21,31,2
7736,Female,55,63,29
7737,Female,29,92,61
7738,Male,36,60,100
7739,Female,27,107,71
7740,Male,18,135,16
7741,Male,34,27,64
7742,Female,33,59,97
7743,Female,26,31,97
7744,Female,26,61,14
7745,Male,26,76,43
7746,Female,29,57,76
7747,Female,58,82,43
7748,Female,32,138,70
7749,Female,19,123,55
7750,Female,28,42,76
7751,Male,28,108,31
7752,Female,25,132,76
7753,Female,49,105,74
7754,Female,23,98,40
7755,Male,37,47,27
7756,Female,56,39,52
7757,Male,52,33,7
7758,Male,25,120,46
7759,Female,67,47,100
7760,Female,66,81,33
7761,Female,60,56,91
7762,Male,51,109,8
7763,Male,36,61,5
7764,Male,24,49,61
7765,Male,48,131,72
7766,Male,35,90,60
7767,Male,57,142,85
7768,Female,31,69,24
7769,Female,56,112,7
7770,Male,53,122,61
7771,Female,34,63,83
7772,Female,54,127,95
7773,Male,61,148,36
7774,Male,26,84,27
7775,Female,37,100,29
7776,Male,62,53,87
7777,Male,45,145,20
7778,Female,67,24,70
7779,Male,37,17,76
7780,Female,58,60,76
7781,Female,53,81,3
7782,Female,44,111,39
7783,Female,25,33,99
7784,Female,49,76,83
7785,Male,18,112,45
7786,Male,34,71,68
7787,Male,26,109,31
7788,Male,37,121,38
7789,Female,62,102,97
7790,Female,49,129,6
7791,Male,19,133,8
7792,Female,49,66,28
7793,Male,62,55,15
7794,Male,26,62,95
7795,Male,47,105,8
7796,Female,37,53,54
7797,Female,55,27,6
7798,Female,18,146,29
7799,Female,22,110,34
7800,Male,52,123,7
7801,Female,53,118,40
7802,Female,18,112,74
7803,Female,31,57,13
7804,Male,26,102,62
7805,Male,47,107,86
7806,Female,41,140,85
7807,Female,21,123,65
7808,Female,67,61,41
7809,Female,31,106,42
7810,Male,42,55,66
7811,Female,21,17,93
7812,Female,42,135,11
7813,Female,27,91,50
7814,Male,52,109,71
7815,Male,24,27,35
7816,Female,59,119,94
7817,Female,30,32,80
7818,Female,21,51,79
7819,Female,67,69,20
7820,Female,60,66,28
7821,Male,53,50,37
7822,Male,31,128,3
7823,Male,35,66,93
7824,Female,25,33,59
7825,Male,49,106,73
7826,Male,44,62,27
7827,Male,59,115,32
7828,Female,54,113,48
7829,Female,40,61,46
7830,Male,24,81,95
7831,Female,29,45,47
7832,Male,42,90,90
7833,Male,20,22,40
7834,Male,43,58,3
7835,Male,21,49,75
7836,Female,59,28,29
7837,Female,53,124,91
7838,Female,32,18,58
7839,Female,49,126,50
7840,Male,46,83,10
7841,Female,27,63,61
7842,Male,38,69,99
7843,Female,33,95,61
7844,Female,64,129,23
7845,Female,36,89,6
7846,Male,46,112,75
7847,Male,69,141,60
7848,Male,68,125,27
7849,Male,35,115,55
7850,Female,61,128,31
7851,Male,33,43,30
7852,Male,18,76,67
7853,Female,65,67,13
7854,Female,19,131,59
7855,Male,32,105,54
7856,Female,56,120,21
7857,Male,45,100,43
7858,Female,18,142,11
7859,Male,22,114,67
7860,Male,59,108,38
7861,Male,39,90,95
7862,Male,53,17,24
7863,Male,63,95,51
7864,Female,30,119,76
7865,Male,18,46,61
7866,Male,33,22,46
7867,Male,58,101,43
7868,Male,39,44,27
7869,Male,49,88,85
7870,Female,33,137,89
7871,Female,68,135,30
7872,Male,32,52,94
7873,Female,63,129,63
7874,Male,69,123,10
7875,Female,59,92,3
7876,Female,29,50,77
7877,Male,18,104,60
7878,Female,34,54,27
7879,Female,58,88,82
7880,Male,68,60,45
7881,Male,67,121,62
7882,Female,45,114,24
7883,Female,24,75,46
7884,Female,26,17,78
7885,Male,39,96,44
7886,Female,43,21,63
7887,Female,29,45,4
7888,Female,24,79,16
7889,Male,63,109,51
7890,Male,64,78,74
7891,Male,32,91,91
7892,Male,55,17,48
7893,Female,38,107,65
7894,Male,31,49,69
7895,Female,19,29,77
7896,Female,25,35,45
7897,Female,62,76,3
7898,Female,23,97,17
7899,Male,54,18,83
7900,Male,54,81,37
7901,Male,50,108,5
7902,Male,58,72,47
7903,Male,23,144,44
7904,Female,69,39,88
7905,Male,43,25,33
7906,Male,56,15,21
7907,Male,58,62,67
7908,Male,54,127,68
7909,Female,31,95,32
7910,Female,54,44,24
7911,Female,25,128,35
7912,Female,56,33,18
7913,Female,30,124,67
7914,Male,30,48,54
7915,Female,57,46,26
7916,Female,60,90,60
7917,Female,45,140,88
7918,Male,35,148,65
7919,Male,36,100,51
7920,Female,55,89,98
7921,Male,49,149,60
7922,Male,39,59,59
7923,Female,19,79,76
7924,Male,30,108,17
7925,Male,40,33,85
7926,Male,42,133,21
7927,Female,45,61,67
7928,Female,28,60,28
7929,Female,50,43,89
7930,Male,41,114,44
7931,Female,19,79,70
7932,Male,47,142,62
7933,Male,34,65,42
7934,Male,57,36,94
7935,Female,51,124,96
7936,Female,55,85,22
7937,Female,39,47,38
7938,Female,22,141,14
7939,Male,65,123,98
7940,Female,57,114,26
7941,Male,68,58,40
7942,Female,33,21,54
7943,Female,30,142,13
7944,Female,43,105,94
7945,Male,48,144,19
7946,Male,69,31,42
7947,Male,56,79,41
7948,Male,65,124,50
7949,Male,40,44,3
7950,Female,65,106,31
7951,Male,29,89,76
7952,Male,31,119,15
7953,Male,35,45,54
7954,Male,44,111,53
7955,Female,45,65,45
7956,Male,35,72,38
7957,Female,33,48,78
7958,Female,69,35,99
7959,Female,33,51,80
7960,Male,30,78,50
7961,Female,46,138,24
7962,Male,26,115,17
7963,Male,43,133,18
7964,Male,45,99,42
7965,Male,58,92,17
7966,Male,30,118,16
7967,Female,53,86,85
7968,Female,26,117,88
7969,Male,64,91,98
7970,Female,31,124,52
7971,Male,68,33,36
7972,Female,29,144,91
7973,Female,49,148,39
7974,Female,55,147,81
7975,Female,20,76,25
7976,Female,69,117,42
7977,Male,33,114,21
7978,Male,37,66,68
7979,Female,49,63,89
7980,Male,40,114,59
7981,Female,34,140,30
7982,Male,33,132,57
7983,Female,55,68,33
7984,Female,25,133,90
7985,Female,36,147,89
7986,Male,47,112,53
7987,Male,51,50,16
7988,Female,31,95,49
7989,Female,39,99,88
7990,Male,61,97,5
7991,Male,34,77,77
7992,Male,32,81,94
7993,Male,67,17,60
7994,Male,65,56,71
7995,Female,49,38,81
7996,Male,30,58,55
7997,Female,38,143,91
7998,Female,66,129,35
7999,Male,57,50,69
8000,Male,50,52,42
8001,Female,44,96,69
8002,Male,52,43,24
8003,Female,33,55,71
8004,Male,45,102,71
8005,Male,51,62,55
8006,Male,64,128,14
8007,Female,18,36,55
8008,Male,58,113,15
8009,Female,65,31,5
8010,Male,48,100,4
8011,Female,53,147,30
8012,Male,61,75,84
8013,Female,50,103,53
8014,Female,50,148,90
8015,Female,56,95,73
8016,Female,35,109,30
8017,Female,40,73,86
8018,Female,40,68,94
8019,Male,32,140,84
8020,Female,43,62,92
8021,Female,47,82,61
8022,Female,42,121,71
8023,Male,62,92,68
8024,Male,33,91,92
8025,Male,56,41,55
8026,Female,65,102,99
8027,Male,62,86,97
8028,Male,31,61,71
8029,Female,34,117,73
8030,Female,29,35,98
8031,Male,46,129,42
8032,Female,49,71,98
8033,Female,41,119,77
8034,Female,69,109,29
8035,Female,30,124,35
8036,Male,37,41,45
8037,Female,32,142,74
8038,Male,21,90,94
8039,Male,51,49,90
8040,Male,45,112,99
8041,Male,67,50,92
8042,Female,19,80,29
8043,Female,64,70,70
8044,Female,47,108,3
8045,Male,43,120,93
8046,Male,68,98,57
8047,Male,64,32,66
8048,Female,43,139,22
8049,Male,37,16,27
8050,Female,59,90,22
8051,Female,45,40,74
8052,Female,37,61,49
8053,Female,28,44,83
8054,Male,27,70,24
8055,Female,40,133,27
8056,Male,54,146,36
8057,Female,58,144,17
8058,Male,69,35,56
8059,Male,36,82,10
8060,Female,62,140,54
8061,Female,35,57,81
8062,Female,66,114,74
8063,Male,44,137,74
8064,Female,23,107,38
8065,Female,27,143,81
8066,Male,19,130,90
8067,Female,41,129,90
8068,Male,55,133,98
8069,Female,45,107,4
8070,Male,45,23,50
8071,Male,62,87,91
8072,Female,67,40,61
8073,Male,56,120,21
8074,Female,19,82,36
8075,Female,63,124,46
8076,Male,22,145,95
8077,Female,67,39,71
8078,Male,28,35,44
8079,Male,27,68,64
8080,Male,60,15,98
8081,Male,19,142,18
8082,Male,32,15,88
8083,Male,56,149,13
8084,Male,58,24,13
8085,Male,54,54,25
8086,Female,24,59,5
8087,Female,37,101,39
8088,Male,51,41,29
8089,Female,52,64,57
8090,Female,51,75,46
8091,Female,39,27,33
8092,Female,48,99,88
8093,Female,40,98,10
8094,Female,36,34,58
8095,Male,21,45,25
8096,Female,41,22,74
8097,Female,37,38,39
8098,Female,56,47,16
8099,Female,45,56,60
8100,Male,56,108,28
8101,Male,34,51,76
8102,Male,36,48,44
8103,Male,65,67,58
8104,Female,52,110,32
8105,Male,49,119,63
8106,Male,64,62,93
8107,Male,63,54,45
8108,Male,64,102,53
8109,Female,63,57,61
8110,Male,56,31,50
8111,Female,52,116,27
8112,Male,47,125,26
8113,Female,34,84,3
8114,Female,59,74,90
8115,Male,64,91,39
8116,Male,46,49,65
8117,Male,23,30,35
8118,Male,34,52,53
8119,Female,34,46,91
8120,Female,31,21,46
8121,Male,41,60,68
8122,Male,67,32,83
8123,Female,54,85,22
8124,Male,57,54,60
8125,Female,56,102,6
8126,Male,49,92,52
8127,Female,53,19,73
8128,Female,67,100,75
8129,Female,54,36,86
8130,Female,65,88,73
8131,Female,31,104,29
8132,Male,44,93,43
8133,Female,36,133,74
8134,Male,48,143,34
8135,Female,63,92,31
8136,Female,26,50,86
8137,Male,55,109,46
8138,Male,34,42,4
8139,Male,36,112,2
8140,Male,61,49,5
8141,Female,21,76,46
8142,Male,65,101,79
8143,Female,28,122,19
8144,Male,39,139,38
8145,Male,21,93,59
8146,Female,34,139,79
8147,Female,25,75,72
8148,Male,63,40,20
8149,Female,51,71,76
8150,Female,28,146,68
8151,Female,48,56,53
8152,Female,28,36,55
8153,Female,55,104,39
8154,Female,38,72,36
8155,Female,63,21,58
8156,Female,47,65,15
8157,Male,27,104,1
8158,Female,43,122,95
8159,Male,44,23,9
8160,Female,25,52,23
8161,Female,56,125,52
8162,Female,25,27,26
8163,Female,25,21,60
8164,Male,51,81,18
8165,Male,33,55,97
8166,Female,58,30,78
8167,Male,30,58,58
8168,Female,40,64,65
8169,Female,29,148,77
8170,Male,44,32,79
8171,Male,39,65,69
8172,Female,49,17,14
8173,Female,66,103,78
8174,Male,44,68,46
8175,Female,19,63,69
8176,Male,62,42,75
8177,Female,50,52,32
8178,Female,43,42,51
8179,Male,45,46,69
8180,Male,36,55,100
8181,Male,60,50,15
8182,Female,22,117,53
8183,Female,50,50,71
8184,Female,37,121,69
8185,Female,47,140,94
8186,Male,62,101,15
8187,Female,25,80,30
8188,Female,55,84,78
8189,Female,34,93,24
8190,Male,61,107,88
8191,Female,18,106,35
8192,Female,20,36,69
8193,Male,63,34,12
8194,Female,43,47,84
8195,Female,48,149,46
8196,Male,25,104,69
8197,Female,60,64,36
8198,Female,63,24,85
8199,Female,25,93,48
8200,Male,52,51,67
8201,Female,56,73,93
8202,Female,45,102,54
8203,Male,68,118,89
8204,Male,21,77,91
8205,Female,33,35,36
8206,Female,30,118,52
8207,Female,37,93,22
8208,Female,68,51,38
8209,Male,22,59,99
8210,Female,54,57,62
8211,Male,37,130,65
8212,Male,41,99,3
8213,Female,53,98,88
8214,Female,51,17,8
8215,Male,62,118,39
8216,Male,65,101,18
8217,Female,51,125,3
8218,Male,36,101,18
8219,Female,34,105,80
8220,Female,22,49,96
8221,Male,42,110,1
8222,Male,35,100,26
8223,Female,67,130,52
8224,Male,25,106,12
8225,Female,44,16,38
8226,Female,32,138,85
8227,Female,62,18,41
8228,Male,30,123,53
8229,Female,33,125,13
8230,Female,39,48,76
8231,Female,37,101,13
8232,Female,30,27,18
8233,Female,37,21,19
8234,Female,19,46,19
8235,Female,52,37,70
8236,Female,64,61,48
8237,Female,36,43,71
8238,Female,62,37,71
8239,Female,54,52,28
8240,Male,23,141,92
8241,Female,31,58,19
8242,Female,21,19,80
8243,Female,39,54,81
8244,Male,68,92,86
8245,Female,56,120,83
8246,Male,53,144,48
8247,Female,51,63,29
8248,Female,44,137,48
8249,Male,24,49,19
8250,Female,20,120,99
8251,Male,64,86,47
8252,Male,50,123,89
8253,Female,19,139,60
8254,Female,59,85,48
8255,Female,33,53,20
8256,Female,42,105,19
8257,Male,32,51,42
8258,Male,41,95,77
8259,Female,32,146,76
8260,Male,48,37,49
8261,Male,31,19,15
8262,Female,31,124,60
8263,Male,23,32,68
8264,Male,31,41,79
8265,Female,34,38,81
8266,Male,35,43,27
8267,Female,37,137,75
8268,Male,68,142,55
8269,Female,34,126,87
8270,Male,33,131,15
8271,Male,57,146,52
8272,Female,56,47,31
8273,Female,69,56,90
8274,Female,49,139,7
8275,Female,61,18,13
8276,Male,26,34,54
8277,Male,44,82,13
8278,Male,63,72,20
8279,Female,69,94,98
8280,Male,50,148,10
8281,Male,27,109,52
8282,Female,34,18,37
8283,Female,66,58,52
8284,Male,66,139,27
8285,Female,53,56,34
8286,Male,34,43,100
8287,Male,35,58,62
8288,Female,69,69,16
8289,Male,40,94,59
8290,Female,51,147,21
8291,Female,25,127,16
8292,Male,30,35,81
8293,Male,40,92,79
8294,Male,37,44,13
8295,Female,39,37,33
8296,Male,64,19,54
8297,Female,69,77,69
8298,Female,40,73,27
8299,Male,58,96,52
8300,Female,52,66,65
8301,Male,20,79,44
8302,Male,51,53,30
8303,Male,50,17,23
8304,Male,63,85,79
8305,Male,34,29,100
8306,Male,62,86,83
8307,Male,36,84,94
8308,Female,47,18,16
8309,Male,40,108,55
8310,Female,32,48,18
8311,Female,31,138,90
8312,Female,19,148,17
8313,Male,56,50,75
8314,Female,66,113,52
8315,Female,35,94,45
8316,Male,23,80,56
8317,Male,49,105,93
8318,Female,38,94,54
8319,Male,57,73,9
8320,Male,45,24,17
8321,Male,44,21,27
8322,Male,19,126,37
8323,Female,50,90,22
8324,Male,33,26,72
8325,Male,56,93,67
8326,Male,39,60,38
8327,Female,60,46,99
8328,Female,64,129,96
8329,Male,30,128,72
8330,Male,19,140,44
8331,Female,31,104,91
8332,Male,55,75,96
8333,Male,58,75,36
8334,Female,45,116,98
8335,Male,24,128,25
8336,Male,35,106,95
8337,Female,58,143,42
8338,Female,53,121,13
8339,Male,58,63,56
8340,Female,53,39,79
8341,Male,61,30,51
8342,Male,21,122,50
8343,Male,47,58,77
8344,Female,41,97,52
8345,Female,37,61,33
8346,Male,63,138,95
8347,Male,48,94,25
8348,Female,41,90,58
8349,Female,24,34,40
8350,Female,43,26,87
8351,Male,30,126,38
8352,Female,25,74,3
8353,Female,22,89,16
8354,Male,61,124,2
8355,Male,30,48,23
8356,Male,46,50,98
8357,Female,37,42,30
8358,Male,31,53,10
8359,Male,49,91,65
8360,Male,67,118,22
8361,Male,44,105,52
8362,Female,42,129,56
8363,Male,69,16,33
8364,Female,21,131,89
8365,Female,38,96,86
8366,Female,35,104,80
8367,Male,56,56,30
8368,Female,32,45,82
8369,Male,55,75,24
8370,Male,65,116,5
8371,Male,69,70,53
8372,Female,41,97,55
8373,Male,25,142,23
8374,Male,45,28,91
8375,Male,38,28,76
8376,Female,33,64,10
8377,Female,33,115,98
8378,Female,52,82,33
8379,Male,34,85,80
8380,Female,26,25,93
8381,Male,52,28,62
8382,Male,69,120,82
8383,Female,46,118,27
8384,Male,56,145,7
8385,Female,35,142,100
8386,Male,29,22,27
8387,Female,36,33,74
8388,Male,65,126,10
8389,Male,39,72,75
8390,Male,66,39,57
8391,Male,69,59,30
8392,Male,32,116,3
8393,Female,18,62,29
8394,Male,19,64,14
8395,Female,25,95,77
8396,Female,39,58,83
8397,Female,42,73,25
8398,Male,19,117,10
8399,Male,68,92,79
8400,Male,26,32,92
8401,Female,26,130,49
8402,Male,30,120,38
8403,Male,23,25,71
8404,Female,47,76,14
8405,Female,32,62,30
8406,Female,68,108,40
8407,Female,32,101,12
8408,Female,67,64,92
8409,Female,24,74,14
8410,Male,28,73,1
8411,Female,57,29,68
8412,Male,55,43,49
8413,Male,57,54,18
8414,Male,19,45,36
8415,Female,68,87,64
8416,Male,65,25,96
8417,Female,56,95,28
8418,Female,27,76,92
8419,Male,61,65,32
8420,Female,34,71,72
8421,Male,24,146,25
8422,Male,57,38,47
8423,Female,56,55,20
8424,Male,21,63,33
8425,Male,52,50,30
8426,Male,68,24,37
8427,Female,64,92,80
8428,Male,53,149,53
8429,Female,48,100,89
8430,Female,42,74,74
8431,Male,58,110,69
8432,Male,30,22,8
8433,Female,35,149,97
8434,Female,38,121,1
8435,Male,65,72,95
8436,Male,18,95,7
8437,Female,53,100,62
8438,Female,67,48,87
8439,Female,25,98,58
8440,Female,69,131,88
8441,Female,65,36,78
8442,Male,38,29,87
8443,Female,60,147,73
8444,Female,69,116,8
8445,Male,38,19,64
8446,Male,44,37,8
8447,Female,36,97,3
8448,Female,40,28,58
8449,Male,68,24,32
8450,Female,67,45,68
8451,Female,68,141,49
8452,Male,60,51,38
8453,Female,52,45,2
8454,Male,57,113,9
8455,Male,69,49,46
8456,Male,68,125,65
8457,Male,59,82,49
8458,Female,65,131,75
8459,Male,22,140,29
8460,Female,69,20,90
8461,Female,58,133,91
8462,Female,25,44,29
8463,Female,28,83,33
8464,Female,33,122,28
8465,Male,56,49,95
8466,Male,64,117,83
8467,Male,41,58,26
8468,Male,38,43,29
8469,Female,69,20,11
8470,Male,40,41,96
8471,Female,66,42,85
8472,Female,55,147,34
8473,Male,64,70,86
8474,Male,25,126,48
8475,Male,24,68,27
8476,Male,19,94,72
8477,Female,47,119,40
8478,Female,30,32,31
8479,Male,40,57,65
8480,Female,46,103,39
8481,Female,55,88,98
8482,Female,54,24,24
8483,Male,37,148,92
8484,Female,50,103,68
8485,Male,46,146,82
8486,Male,67,48,93
8487,Female,32,97,23
8488,Female,40,146,61
8489,Male,59,112,27
8490,Female,20,45,16
8491,Female,54,94,45
8492,Male,46,74,27
8493,Male,62,16,73
8494,Male,25,50,5
8495,Male,39,139,59
8496,Female,46,117,72
8497,Female,19,130,82
8498,Male,58,115,35
8499,Male,66,60,70
8500,Male,67,94,87
8501,Female,62,121,46
8502,Male,18,58,90
8503,Female,61,63,56
8504,Male,37,102,24
8505,Male,69,72,10
8506,Male,38,105,79
8507,Female,54,149,38
8508,Female,25,108,84
8509,Female,44,92,93
8510,Male,64,136,70
8511,Female,52,90,48
8512,Female,23,67,9
8513,Male,62,37,50
8514,Male,61,91,69
8515,Female,36,87,48
8516,Female,35,102,39
8517,Female,18,117,83
8518,Female,42,108,5
8519,Male,44,74,84
8520,Male,24,24,11
8521,Male,61,116,60
8522,Female,59,72,27
8523,Female,46,23,93
8524,Male,48,27,7
8525,Male,61,145,60
8526,Female,60,87,50
8527,Female,53,130,67
8528,Male,36,139,69
8529,Male,23,125,55
8530,Male,42,85,77
8531,Female,48,103,16
8532,Female,26,34,12
8533,Female,37,95,27
8534,Female,27,104,33
8535,Female,54,33,79
8536,Female,44,126,85
8537,Male,30,145,81
8538,Male,58,121,55
8539,Female,19,135,52
8540,Male,67,106,37
8541,Female,38,94,15
8542,Male,50,45,84
8543,Female,41,67,83
8544,Male,61,127,65
8545,Male,59,48,68
8546,Female,51,45,3
8547,Female,26,20,72
8548,Male,19,41,5
8549,Male,47,21,9
8550,Female,39,63,1
8551,Male,63,110,30
8552,Female,28,74,71
8553,Female,60,47,86
8554,Male,34,61,20
8555,Female,53,133,93
8556,Male,30,41,27
8557,Male,24,36,89
8558,Female,33,61,99
8559,Male,50,107,91
8560,Female,62,16,63
8561,Female,18,61,75
8562,Female,28,41,81
8563,Male,23,41,31
8564,Female,37,89,82
8565,Male,52,24,19
8566,Female,61,135,93
8567,Female,54,47,79
8568,Female,58,140,62
8569,Male,43,22,7
8570,Male,29,149,37
8571,Female,47,85,71
8572,Female,45,149,86
8573,Male,44,55,76
8574,Male,59,132,8
8575,Male,36,69,57
8576,Female,22,21,82
8577,Male,22,98,28
8578,Female,58,92,82
8579,Male,44,67,95
8580,Female,45,28,17
8581,Female,43,127,87
8582,Female,44,71,11
8583,Male,69,105,15
8584,Male,66,60,30
8585,Male,59,105,95
8586,Female,38,147,6
8587,Female,18,116,12
8588,Male,45,120,87
8589,Female,65,142,61
8590,Female,32,46,36
8591,Female,34,20,35
8592,Male,43,88,67
8593,Female,37,149,92
8594,Male,42,43,79
8595,Male,30,48,77
8596,Male,50,21,63
8597,Male,42,95,83
8598,Male,25,91,40
8599,Female,22,72,82
8600,Male,23,99,31
8601,Male,40,87,37
8602,Male,69,59,85
8603,Female,47,61,5
8604,Female,31,91,81
8605,Female,40,87,83
8606,Female,28,130,4
8607,Male,48,44,26
8608,Male,23,85,24
8609,Female,28,117,39
8610,Female,30,147,56
8611,Female,29,118,54
8612,Female,19,136,38
8613,Male,52,143,54
8614,Female,53,45,19
8615,Female,34,123,94
8616,Female,45,86,26
8617,Female,45,141,52
8618,Female,39,99,75
8619,Female,55,29,61
8620,Female,24,70,67
8621,Male,32,41,22
8622,Male,49,16,17
8623,Male,28,88,11
8624,Male,41,78,39
8625,Male,20,19,61
8626,Male,47,105,91
8627,Female,23,82,49
8628,Female,19,95,93
8629,Male,31,99,61
8630,Female,58,37,12
8631,Male,35,111,13
8632,Female,68,138,58
8633,Female,61,51,11
8634,Female,48,44,64
8635,Female,30,131,31
8636,Female,43,23,11
8637,Female,61,146,43
8638,Male,29,80,36
8639,Male,35,134,2
8640,Female,26,138,87
8641,Male,66,58,61
8642,Female,38,123,36
8643,Male,65,51,78
8644,Female,66,81,49
8645,Male,57,74,27
8646,Female,60,50,12
8647,Male,41,63,58
8648,Female,51,121,93
8649,Male,25,22,6
8650,Female,61,55,44
8651,Female,50,115,47
8652,Female,40,127,23
8653,Male,30,123,74
8654,Male,66,100,98
8655,Male,31,92,76
8656,Female,31,69,96
8657,Male,33,124,26
8658,Female,66,79,7
8659,Male,55,78,32
8660,Male,56,132,33
8661,Male,43,56,82
8662,Male,43,131,99
8663,Female,18,64,20
8664,Male,49,62,95
8665,Male,32,87,69
8666,Female,69,149,96
8667,Female,38,120,52
8668,Male,35,22,42
8669,Male,47,124,83
8670,Female,30,45,1
8671,Female,41,26,63
8672,Female,47,141,7
8673,Male,19,71,58
8674,Male,36,41,86
8675,Male,64,60,50
8676,Female,61,149,34
8677,Female,64,75,51
8678,Female,42,72,10
8679,Male,67,27,26
8680,Female,31,114,32
8681,Male,23,63,42
8682,Female,29,49,91
8683,Male,37,108,62
8684,Male,40,109,12
8685,Female,47,86,40
8686,Male,47,137,87
8687,Female,55,24,78
8688,Male,47,18,34
8689,Female,58,139,81
8690,Female,47,43,70
8691,Male,53,60,27
8692,Female,66,91,8
8693,Male,51,73,97
8694,Female,33,80,99
8695,Female,41,121,47
8696,Female,31,100,81
8697,Female,43,147,26
8698,Male,25,23,57
8699,Female,31,34,7
8700,Female,48,141,88
8701,Male,19,31,89
8702,Male,65,26,99
8703,Male,21,96,26
8704,Male,18,81,59
8705,Male,37,147,69
8706,Male,31,67,47
8707,Female,57,68,35
8708,Male,42,82,30
8709,Female,42,49,50
8710,Male,20,102,89
8711,Female,22,29,24
8712,Female,55,29,30
8713,Female,43,45,84
8714,Male,57,121,54
8715,Male,55,24,67
8716,Male,55,71,32
8717,Male,21,21,8
8718,Female,24,147,50
8719,Male,47,139,47
8720,Female,47,133,87
8721,Female,36,94,46
8722,Male,56,138,80
8723,Male,52,71,35
8724,Male,57,86,61
8725,Female,50,42,89
8726,Male,50,50,79
8727,Female,31,70,51
8728,Male,55,130,63
8729,Female,27,73,8
8730,Male,45,137,34
8731,Male,31,80,25
8732,Female,53,23,44
8733,Male,55,148,83
8734,Male,33,133,43
8735,Male,38,136,50
8736,Male,45,79,13
8737,Male,50,145,46
8738,Male,23,141,76
8739,Male,58,101,79
8740,Female,32,47,87
8741,Female,61,67,53
8742,Male,20,106,63
8743,Male,60,65,2
8744,Male,64,85,40
8745,Female,52,54,23
8746,Female,31,53,59
8747,Male,19,135,69
8748,Female,46,99,34
8749,Male,21,51,74
8750,Male,43,101,27
8751,Male,68,143,55
8752,Male,29,77,4
8753,Female,19,57,68
8754,Female,34,114,72
8755,Male,52,119,70
8756,Female,27,22,89
8757,Female,65,63,27
8758,Male,39,110,47
8759,Female,58,137,40
8760,Male,60,61,84
8761,Male,38,39,27
8762,Male,32,145,7
8763,Male,52,128,23
8764,Female,65,113,84
8765,Male,38,110,64
8766,Female,38,48,98
8767,Male,38,123,29
8768,Male,61,106,61
8769,Female,49,22,44
8770,Male,22,77,69
8771,Female,56,96,27
8772,Female,26,39,12
8773,Male,35,143,17
8774,Male,38,22,37
8775,Male,25,138,34
8776,Male,61,112,94
8777,Male,69,115,36
8778,Male,51,125,6
8779,Female,27,17,96
8780,Female,68,149,32
8781,Male,58,114,73
8782,Female,41,25,22
8783,Female,57,73,10
8784,Male,41,93,29
8785,Male,49,52,11
8786,Female,50,136,92
8787,Male,55,79,66
8788,Female,61,60,56
8789,Male,68,139,85
8790,Female,66,70,95
8791,Female,51,21,58
8792,Female,28,119,52
8793,Female,48,54,61
8794,Male,35,111,17
8795,Male,40,66,91
8796,Female,39,45,30
8797,Female,60,21,72
8798,Male,35,105,37
8799,Male,57,31,5
8800,Female,64,139,26
8801,Female,58,18,70
8802,Female,64,136,80
8803,Female,56,113,1
8804,Female,37,75,9
8805,Male,30,35,85
8806,Female,62,91,71
8807,Male,18,61,64
8808,Male,69,89,79
8809,Male,21,63,24
8810,Female,41,41,5
8811,Male,53,45,51
8812,Male,53,46,38
8813,Male,62,32,29
8814,Male,19,139,46
8815,Female,45,77,52
8816,Female,43,142,46
8817,Male,40,30,75
8818,Male,32,76,68
8819,Female,53,53,59
8820,Female,44,129,10
8821,Female,23,86,98
8822,Male,52,76,4
8823,Female,56,145,52
8824,Male,55,97,74
8825,Male,52,137,97
8826,Female,53,123,18
8827,Male,27,136,76
8828,Female,47,133,51
8829,Male,58,32,23
8830,Female,55,90,25
8831,Male,46,25,60
8832,Male,69,145,37
8833,Female,60,76,68
8834,Female,56,85,77
8835,Female,67,75,18
8836,Female,21,146,29
8837,Male,22,75,30
8838,Female,21,116,92
8839,Female,53,27,7
8840,Male,62,26,88
8841,Female,33,49,41
8842,Female,42,65,74
8843,Male,31,57,37
8844,Female,28,125,27
8845,Female,46,80,21
8846,Female,51,29,100
8847,Female,39,53,43
8848,Female,31,40,51
8849,Female,41,126,93
8850,Male,56,65,71
8851,Female,43,125,13
8852,Male,60,146,53
8853,Male,53,112,87
8854,Male,56,133,63
8855,Male,33,70,57
8856,Female,55,83,25
8857,Female,49,18,13
8858,Female,23,143,37
8859,Male,51,64,30
8860,Female,25,98,90
8861,Female,47,84,12
8862,Female,44,34,65
8863,Male,24,41,18
8864,Male,44,40,85
8865,Female,42,24,62
8866,Male,63,96,24
8867,Male,58,119,60
8868,Female,32,102,17
8869,Male,42,38,60
8870,Male,39,131,9
8871,Female,35,60,52
8872,Male,29,69,92
8873,Male,40,92,15
8874,Male,68,102,77
8875,Male,62,30,28
8876,Male,56,52,81
8877,Male,42,125,9
8878,Male,27,29,56
8879,Male,47,92,85
8880,Female,27,90,94
8881,Female,51,86,75
8882,Female,63,33,94
8883,Female,30,134,36
8884,Male,46,77,56
8885,Female,55,119,89
8886,Female,58,46,71
8887,Male,62,124,20
8888,Male,26,21,55
8889,Male,30,101,60
8890,Male,54,45,35
8891,Male,31,59,74
8892,Female,54,70,99
8893,Male,26,45,1
8894,Female,25,15,78
8895,Female,56,107,45
8896,Male,57,82,69
8897,Female,20,50,40
8898,Female,64,93,38
8899,Male,57,81,98
8900,Female,50,65,24
8901,Female,49,144,4
8902,Female,24,20,91
8903,Male,36,68,69
8904,Male,51,102,13
8905,Male,31,19,21
8906,Female,67,16,32
8907,Male,64,72,38
8908,Female,63,26,95
8909,Male,36,19,32
8910,Female,68,120,79
8911,Male,43,143,57
8912,Male,34,70,48
8913,Female,45,84,30
8914,Male,36,70,71
8915,Female,44,68,38
8916,Male,65,17,95
8917,Male,69,109,44
8918,Female,36,42,26
8919,Female,50,125,100
8920,Female,68,121,90
8921,Male,24,134,2
8922,Female,46,147,43
8923,Male,60,138,43
8924,Female,22,104,63
8925,Female,47,30,73
8926,Female,66,45,58
8927,Female,60,42,48
8928,Female,25,149,5
8929,Female,59,53,91
8930,Male,29,41,76
8931,Female,59,90,35
8932,Male,30,131,93
8933,Female,43,103,16
8934,Female,35,121,83
8935,Female,59,136,49
8936,Male,68,140,60
8937,Male,69,112,51
8938,Female,66,47,91
8939,Male,37,105,82
8940,Female,33,134,59
8941,Female,54,16,64
8942,Male,20,27,13
8943,Male,44,38,94
8944,Male,32,83,26
8945,Male,51,48,70
8946,Female,62,101,3
8947,Male,39,33,87
8948,Male,57,44,12
8949,Female,40,63,41
8950,Male,66,128,79
8951,Male,21,130,65
8952,Male,68,92,63
8953,Male,58,49,50
8954,Female,40,85,47
8955,Female,64,122,8
8956,Male,26,68,31
8957,Male,41,37,11
8958,Female,38,24,17
8959,Male,58,75,27
8960,Male,63,62,95
8961,Male,33,126,27
8962,Male,42,140,78
8963,Male,43,101,87
8964,Male,66,40,56
8965,Male,62,66,69
8966,Male,26,20,94
8967,Male,32,22,98
8968,Female,56,31,47
8969,Female,50,90,19
8970,Female,18,48,57
8971,Male,22,84,31
8972,Male,26,96,16
8973,Female,61,132,45
8974,Male,23,52,27
8975,Female,45,116,61
8976,Male,62,54,26
8977,Female,43,67,29
8978,Female,45,132,44
8979,Female,57,80,29
8980,Male,32,94,95
8981,Female,23,66,2
8982,Male,44,143,6
8983,Male,55,138,9
8984,Male,21,126,15
8985,Male,28,15,84
8986,Male,38,30,58
8987,Male,47,126,2
8988,Male,35,126,3
8989,Female,52,116,52
8990,Female,20,96,55
8991,Female,29,113,53
8992,Male,44,54,94
8993,Male,47,50,72
8994,Male,38,139,40
8995,Male,55,18,85
8996,Female,38,132,39
8997,Male,55,39,43
8998,Female,57,109,13
8999,Male,32,92,37
9000,Female,35,26,55
9001,Male,69,41,32
9002,Female,46,77,14
9003,Male,65,69,65
9004,Female,55,96,27
9005,Male,38,28,24
9006,Female,34,70,22
9007,Female,58,100,78
9008,Male,68,40,45
9009,Female,35,106,8
9010,Male,54,50,91
9011,Male,55,92,67
9012,Male,29,126,64
9013,Female,28,37,97
9014,Female,65,133,47
9015,Male,69,130,21
9016,Male,66,36,32
9017,Female,37,42,45
9018,Female,26,57,44
9019,Female,18,90,41
9020,Male,20,32,96
9021,Male,38,114,52
9022,Male,40,138,88
9023,Male,26,123,11
9024,Male,36,50,85
9025,Female,62,139,18
9026,Male,63,21,11
9027,Female,69,37,27
9028,Female,36,131,43
9029,Male,40,128,65
9030,Female,44,110,54
9031,Male,44,35,29
9032,Female,56,84,21
9033,Male,53,67,29
9034,Male,29,98,9
9035,Female,44,120,61
9036,Male,63,55,62
9037,Female,51,142,71
9038,Male,50,102,95
9039,Male,45,117,91
9040,Male,48,121,96
9041,Female,49,31,5
9042,Female,67,39,97
9043,Male,37,78,15
9044,Female,57,100,57
9045,Male,52,133,5
9046,Female,48,49,20
9047,Female,48,51,81
9048,Male,55,69,4
9049,Male,39,143,56
9050,Male,62,67,85
9051,Male,58,87,34
9052,Male,26,127,40
9053,Female,69,27,69
9054,Female,26,61,68
9055,Male,32,42,22
9056,Male,30,67,14
9057,Male,39,45,68
9058,Female,33,22,8
9059,Male,49,86,67
9060,Male,19,138,46
9061,Female,43,112,29
9062,Female,31,101,90
9063,Female,55,88,94
9064,Female,51,115,12
9065,Male,25,39,79
9066,Female,53,129,52
9067,Female,38,47,58
9068,Male,63,149,2
9069,Male,60,111,1
9070,Male,45,126,55
9071,Female,63,110,92
9072,Male,61,19,99
9073,Female,65,135,34
9074,Female,23,124,64
9075,Female,37,31,68
9076,Male,48,90,82
9077,Female,50,66,12
9078,Male,61,76,50
9079,Male,24,35,21
9080,Male,25,99,10
9081,Female,26,35,85
9082,Female,19,142,89
9083,Female,34,68,81
9084,Male,69,40,70
9085,Female,62,67,14
9086,Female,54,80,40
9087,Female,59,21,82
9088,Female,61,46,30
9089,Female,34,101,73
9090,Male,55,16,14
9091,Male,52,89,52
9092,Male,64,43,17
9093,Male,56,141,62
9094,Female,47,63,98
9095,Male,23,46,22
9096,Female,21,29,53
9097,Male,68,76,32
9098,Male,54,92,76
9099,Male,52,31,55
9100,Female,26,36,80
9101,Female,23,95,22
9102,Male,30,22,38
9103,Female,39,45,50
9104,Male,45,26,66
9105,Male,47,47,45
9106,Male,69,26,8
9107,Female,53,39,65
9108,Male,19,62,40
9109,Male,53,97,5
9110,Male,25,69,45
9111,Female,62,145,46
9112,Male,59,139,36
9113,Female,67,83,17
9114,Male,26,65,41
9115,Female,18,41,30
9116,Male,30,39,52
9117,Male,67,47,79
9118,Female,32,76,20
9119,Female,49,44,36
9120,Male,51,55,66
9121,Female,60,131,45
9122,Male,48,18,4
9123,Male,31,80,50
9124,Male,64,74,88
9125,Female,31,45,55
9126,Male,65,103,59
9127,Female,46,114,42
9128,Male,64,133,2
9129,Female,36,83,46
9130,Female,44,38,2
9131,Male,26,37,50
9132,Female,54,77,1
9133,Male,54,132,13
9134,Male,60,128,70
9135,Male,45,20,22
9136,Male,69,20,17
9137,Male,41,44,59
9138,Female,45,15,86
9139,Male,53,77,70
9140,Female,69,42,3
9141,Female,35,103,70
9142,Male,42,67,81
9143,Female,52,52,99
9144,Male,21,66,49
9145,Female,31,92,50
9146,Female,56,144,35
9147,Female,43,67,23
9148,Male,25,108,72
9149,Female,41,108,7
9150,Male,33,21,50
9151,Female,37,81,10
9152,Female,32,130,90
9153,Female,24,51,55
9154,Female,34,22,74
9155,Male,39,149,19
9156,Male,39,73,23
9157,Female,29,137,95
9158,Female,35,21,64
9159,Male,63,134,33
9160,Male,64,17,66
9161,Male,32,81,92
9162,Male,54,32,96
9163,Female,33,59,97
9164,Female,22,111,9
9165,Male,19,106,29
9166,Male,69,93,79
9167,Male,45,73,18
9168,Male,58,97,82
9169,Male,44,123,71
9170,Male,48,69,78
9171,Female,58,149,29
9172,Female,53,105,83
9173,Female,64,97,61
9174,Male,60,140,5
9175,Male,18,95,69
9176,Male,67,19,56
9177,Female,46,80,52
9178,Male,18,125,15
9179,Male,25,26,90
9180,Female,33,120,88
9181,Male,45,89,83
9182,Female,39,42,20
9183,Female,35,21,73
9184,Male,39,91,92
9185,Female,58,75,16
9186,Male,29,65,75
9187,Female,36,143,98
9188,Male,42,25,25
9189,Female,67,121,57
9190,Male,22,62,21
9191,Female,51,117,5
9192,Female,56,61,75
9193,Female,27,126,9
9194,Male,64,20,11
9195,Male,24,25,65
9196,Female,54,31,63
9197,Male,64,30,26
9198,Female,69,70,74
9199,Male,69,80,19
9200,Female,32,97,16
9201,Male,59,89,56
9202,Female,41,141,68
9203,Female,43,145,78
9204,Female,43,32,30
9205,Female,63,103,7
9206,Male,43,108,12
9207,Female,27,31,24
9208,Male,34,128,22
9209,Male,31,121,47
9210,Female,19,113,30
9211,Male,65,27,60
9212,Male,30,77,39
9213,Male,44,28,20
9214,Female,26,32,26
9215,Male,24,147,49
9216,Male,65,28,69
9217,Female,27,39,42
9218,Female,26,58,6
9219,Male,39,135,53
9220,Female,40,53,34
9221,Male,24,118,69
9222,Male,65,76,10
9223,Male,26,67,28
9224,Female,44,67,3
9225,Male,41,132,77
9226,Female,46,79,48
9227,Female,34,145,66
9228,Male,37,57,35
9229,Female,24,64,52
9230,Female,60,50,62
9231,Female,57,37,52
9232,Female,24,88,47
9233,Female,45,64,54
9234,Male,36,69,28
9235,Female,37,139,23
9236,Male,61,26,87
9237,Male,56,97,35
9238,Male,57,46,32
9239,Male,24,100,2
9240,Male,23,33,16
9241,Male,42,65,16
9242,Female,58,78,51
9243,Female,30,144,67
9244,Female,56,142,92
9245,Male,57,78,93
9246,Female,39,15,54
9247,Female,66,103,20
9248,Female,34,40,100
9249,Male,65,101,33
9250,Female,39,16,86
9251,Male,51,107,8
9252,Female,25,133,24
9253,Male,66,146,53
9254,Male,62,94,64
9255,Male,35,125,58
9256,Female,41,140,37
9257,Female,59,19,84
9258,Male,19,40,12
9259,Female,19,20,84
9260,Male,44,137,84
9261,Male,31,58,4
9262,Female,65,72,94
9263,Female,56,95,31
9264,Female,29,60,86
9265,Male,49,116,79
9266,Male,45,62,38
9267,Female,45,128,37
9268,Male,63,34,92
9269,Female,42,129,75
9270,Male,21,90,14
9271,Female,43,135,75
9272,Female,53,123,73
9273,Male,67,82,24
9274,Female,20,146,10
9275,Female,18,80,38
9276,Male,34,149,43
9277,Female,24,97,37
9278,Male,65,23,42
9279,Female,22,31,32
9280,Male,36,127,84
9281,Female,56,134,14
9282,Female,63,25,4
9283,Female,51,40,24
9284,Female,52,77,96
9285,Male,66,36,10
9286,Male,33,148,16
9287,Male,57,24,39
9288,Male,67,97,96
9289,Male,64,40,18
9290,Male,56,85,25
9291,Male,44,51,7
9292,Female,58,147,56
9293,Female,55,140,47
9294,Female,67,129,82
9295,Female,67,106,82
9296,Male,42,131,3
9297,Male,43,63,1
9298,Male,31,50,33
9299,Female,31,40,71
9300,Male,31,59,74
9301,Female,42,75,59
9302,Male,53,146,72
9303,Male,21,90,32
9304,Male,64,72,87
9305,Male,32,119,17
9306,Female,49,40,78
9307,Female,35,109,17
9308,Male,31,93,89
9309,Female,18,142,21
9310,Male,59,92,55
9311,Male,37,50,6
9312,Male,27,146,84
9313,Male,27,73,49
9314,Female,41,138,84
9315,Male,51,102,26
9316,Male,45,95,32
9317,Female,44,31,72
9318,Male,57,65,44
9319,Female,18,69,59
9320,Male,50,95,29
9321,Male,21,124,17
9322,Male,24,100,18
9323,Male,26,16,40
9324,Male,33,146,63
9325,Male,22,59,82
9326,Female,51,27,75
9327,Male,40,69,45
9328,Female,60,36,76
9329,Female,67,103,79
9330,Male,42,69,90
9331,Female,68,111,3
9332,Male,30,33,3
9333,Female,41,142,38
9334,Male,28,81,99
9335,Female,69,75,73
9336,Female,68,77,40
9337,Male,34,119,68
9338,Female,54,118,54
9339,Male,30,148,20
9340,Male,44,48,15
9341,Male,37,113,93
9342,Male,50,78,5
9343,Male,59,101,39
9344,Female,49,95,40
9345,Female,25,80,7
9346,Female,46,97,72
9347,Male,57,106,96
9348,Female,36,52,100
9349,Female,23,144,33
9350,Female,61,139,37
9351,Female,56,55,32
9352,Female,65,33,43
9353,Male,58,119,63
9354,Male,38,144,36
9355,Female,39,106,98
9356,Male,59,110,49
9357,Male,27,76,25
9358,Female,27,30,96
9359,Female,69,108,66
9360,Male,46,130,9
9361,Female,33,70,93
9362,Male,18,79,18
9363,Male,34,68,22
9364,Female,47,100,99
9365,Male,43,64,15
9366,Male,63,119,7
9367,Male,36,36,13
9368,Female,38,54,36
9369,Female,34,53,16
9370,Female,63,119,41
9371,Female,57,82,21
9372,Male,38,21,28
9373,Female,58,99,74
9374,Female,57,146,83
9375,Female,62,90,17
9376,Female,66,105,65
9377,Male,36,98,13
9378,Male,24,45,36
9379,Male,34,113,58
9380,Female,18,66,20
9381,Female,54,126,52
9382,Male,23,86,6
9383,Female,43,35,23
9384,Female,19,30,42
9385,Male,49,30,24
9386,Male,65,70,5
9387,Female,22,96,32
9388,Female,54,92,46
9389,Female,48,51,17
9390,Male,29,74,75
9391,Male,52,25,27
9392,Male,47,140,68
9393,Male,65,80,23
9394,Female,23,140,87
9395,Male,32,46,34
9396,Male,32,70,21
9397,Female,33,19,22
9398,Female,37,145,65
9399,Female,30,104,32
9400,Male,61,108,62
9401,Female,59,86,28
9402,Female,63,114,82
9403,Male,48,43,7
9404,Male,51,73,54
9405,Female,46,39,70
9406,Male,20,111,14
9407,Female,26,115,94
9408,Female,28,131,55
9409,Male,28,37,58
9410,Female,42,84,44
9411,Male,39,93,46
9412,Male,59,93,14
9413,Male,63,112,44
9414,Female,26,28,41
9415,Male,37,43,73
9416,Male,38,101,95
9417,Female,27,24,2
9418,Female,39,61,82
9419,Female,46,18,5
9420,Female,26,26,90
9421,Male,22,56,87
9422,Male,57,18,12
9423,Male,28,98,78
9424,Female,18,106,77
9425,Female,59,106,99
9426,Male,18,20,47
9427,Female,56,49,79
9428,Female,63,79,35
9429,Male,22,71,19
9430,Male,66,27,79
9431,Female,39,32,63
9432,Female,43,101,8
9433,Female,23,128,23
9434,Male,49,40,13
9435,Male,65,80,23
9436,Male,28,40,31
9437,Male,27,140,30
9438,Male,64,71,42
9439,Female,56,39,2
9440,Female,51,44,11
9441,Female,48,149,25
9442,Male,29,41,29
9443,Male,68,115,22
9444,Male,61,25,19
9445,Female,33,140,73
9446,Male,55,44,41
9447,Male,20,108,38
9448,Female,19,130,29
9449,Male,69,29,74
9450,Female,22,49,22
9451,Male,28,53,88
9452,Male,42,38,8
9453,Female,52,22,47
9454,Female,52,57,6
9455,Female,39,98,7
9456,Female,54,61,84
9457,Female,39,40,81
9458,Female,28,147,36
9459,Male,49,115,8
9460,Male,52,77,77
9461,Female,48,107,88
9462,Male,62,69,46
9463,Female,25,86,64
9464,Male,37,74,31
9465,Female,59,43,23
9466,Male,51,33,61
9467,Male,21,87,81
9468,Male,35,115,50
9469,Male,68,71,46
9470,Male,21,82,88
9471,Female,37,101,43
9472,Female,26,117,10
9473,Female,33,86,95
9474,Male,43,143,20
9475,Female,55,132,16
9476,Male,42,130,78
9477,Male,21,96,3
9478,Male,58,123,30
9479,Female,62,30,18
9480,Male,58,49,59
9481,Female,55,58,70
9482,Female,36,99,84
9483,Male,31,96,35
9484,Male,38,116,19
9485,Female,32,77,26
9486,Female,20,47,35
9487,Female,54,74,76
9488,Female,67,137,72
9489,Female,63,16,57
9490,Female,33,71,49
9491,Male,31,59,10
9492,Female,26,45,85
9493,Female,64,37,29
9494,Female,24,43,95
9495,Female,31,45,71
9496,Male,23,32,98
9497,Male,38,25,98
9498,Female,32,117,94
9499,Female,69,61,68
9500,Female,25,17,94
9501,Male,51,144,89
9502,Male,57,86,78
9503,Male,18,144,24
9504,Male,49,36,43
9505,Male,66,138,95
9506,Male,68,147,39
9507,Female,22,149,92
9508,Male,47,34,25
9509,Male,39,91,83
9510,Female,37,144,68
9511,Male,33,46,34
9512,Female,24,104,96
9513,Male,24,17,89
9514,Female,67,56,86
9515,Female,67,91,53
9516,Female,19,115,92
9517,Female,64,142,55
9518,Female,31,61,53
9519,Male,48,137,18
9520,Male,67,48,7
9521,Female,58,56,63
9522,Female,31,47,75
9523,Female,22,137,42
9524,Male,28,41,11
9525,Female,57,73,9
9526,Female,22,129,35
9527,Female,46,145,87
9528,Female,28,142,97
9529,Male,22,134,65
9530,Female,66,127,84
9531,Female,49,29,5
9532,Male,53,97,93
9533,Female,32,97,26
9534,Female,36,37,51
9535,Male,39,25,38
9536,Male,51,130,3
9537,Male,34,117,85
9538,Female,29,21,59
9539,Female,42,120,13
9540,Male,34,128,95
9541,Male,27,37,81
9542,Male,45,116,35
9543,Female,35,72,87
9544,Female,68,34,3
9545,Male,35,131,53
9546,Female,62,115,55
9547,Male,49,16,45
9548,Female,31,36,66
9549,Female,33,84,67
9550,Female,67,117,84
9551,Female,35,118,44
9552,Male,33,50,73
9553,Female,34,122,68
9554,Female,24,38,62
9555,Male,29,36,25
9556,Female,51,97,52
9557,Male,27,87,50
9558,Male,22,138,1
9559,Female,38,95,39
9560,Female,20,88,52
9561,Male,36,44,76
9562,Male,62,40,40
9563,Male,61,142,60
9564,Female,52,25,88
9565,Male,23,34,73
9566,Male,31,132,84
9567,Male,21,70,69
9568,Female,62,61,20
9569,Male,68,103,85
9570,Female,35,72,2
9571,Female,46,24,85
9572,Male,52,36,88
9573,Female,69,85,9
9574,Male,55,38,39
9575,Female,33,110,30
9576,Female,37,21,54
9577,Male,41,86,82
9578,Male,52,141,58
9579,Male,61,52,44
9580,Female,68,135,43
9581,Female,36,103,10
9582,Male,21,42,48
9583,Male,50,106,85
9584,Female,19,68,86
9585,Female,30,130,17
9586,Female,62,130,5
9587,Male,47,134,70
9588,Female,51,55,74
9589,Male,47,51,64
9590,Female,68,139,66
9591,Female,41,90,71
9592,Male,65,51,4
9593,Male,61,115,83
9594,Male,50,45,28
9595,Female,58,104,84
9596,Female,66,20,94
9597,Female,27,109,38
9598,Male,35,133,66
9599,Female,36,124,67
9600,Male,24,134,60
9601,Male,36,144,47
9602,Male,41,137,25
9603,Female,32,43,66
9604,Female,58,124,79
9605,Male,59,135,67
9606,Female,40,83,69
9607,Male,69,21,40
9608,Male,69,142,100
9609,Female,21,70,50
9610,Male,55,141,40
9611,Male,21,91,37
9612,Female,22,76,91
9613,Male,58,88,69
9614,Male,61,29,17
9615,Male,40,67,62
9616,Male,57,134,41
9617,Male,54,49,76
9618,Male,28,28,42
9619,Male,28,107,31
9620,Female,30,136,33
9621,Female,31,32,43
9622,Male,25,143,93
9623,Male,42,139,67
9624,Female,35,41,38
9625,Female,68,78,41
9626,Female,61,74,63
9627,Female,61,28,40
9628,Female,35,130,30
9629,Male,27,106,47
9630,Female,24,99,22
9631,Female,67,101,96
9632,Female,61,134,55
9633,Male,31,98,43
9634,Male,32,38,61
9635,Male,33,133,74
9636,Male,19,103,32
9637,Male,47,51,4
9638,Male,47,100,93
9639,Female,35,141,45
9640,Male,48,29,72
9641,Male,61,26,20
9642,Female,65,109,71
9643,Male,30,45,65
9644,Female,37,108,60
9645,Female,66,98,89
9646,Male,67,86,26
9647,Female,52,58,73
9648,Female,40,44,23
9649,Female,59,49,40
9650,Female,50,35,2
9651,Male,55,125,26
9652,Female,52,77,78
9653,Male,68,106,62
9654,Female,53,26,44
9655,Female,37,106,31
9656,Female,20,74,26
9657,Male,25,81,83
9658,Male,57,129,5
9659,Male,49,29,70
9660,Female,46,30,35
9661,Female,24,36,16
9662,Female,19,132,31
9663,Female,38,127,82
9664,Male,23,109,14
9665,Female,45,15,25
9666,Male,65,89,79
9667,Female,59,20,90
9668,Male,53,101,100
9669,Male,49,76,75
9670,Female,62,72,71
9671,Female,59,122,18
9672,Male,63,33,50
9673,Female,26,123,20
9674,Female,28,137,56
9675,Male,40,114,2
9676,Male,67,23,26
9677,Male,28,63,23
9678,Male,66,45,32
9679,Female,19,73,13
9680,Male,20,144,13
9681,Male,28,59,17
9682,Male,67,110,89
9683,Female,52,57,58
9684,Male,32,112,86
9685,Female,60,15,27
9686,Male,28,145,17
9687,Male,48,105,90
9688,Female,45,58,38
9689,Male,45,149,14
9690,Male,49,47,14
9691,Female,42,44,12
9692,Male,37,70,69
9693,Male,45,119,68
9694,Male,42,45,55
9695,Male,28,103,63
9696,Female,36,15,29
9697,Male,45,124,89
9698,Female,18,96,45
9699,Male,22,33,4
9700,Female,27,129,16
9701,Male,59,140,66
9702,Female,63,78,23
9703,Male,51,67,68
9704,Female,53,20,20
9705,Female,19,31,17
9706,Male,35,60,52
9707,Female,30,132,6
9708,Male,68,87,82
9709,Male,22,115,84
9710,Male,37,105,39
9711,Male,19,20,34
9712,Male,28,123,54
9713,Female,47,54,88
9714,Male,49,105,82
9715,Male,49,80,94
9716,Male,67,25,65
9717,Male,55,130,87
9718,Male,45,57,29
9719,Male,27,72,41
9720,Female,39,52,63
9721,Female,34,108,32
9722,Male,39,50,66
9723,Female,60,20,100
9724,Male,36,145,45
9725,Male,34,79,17
9726,Male,41,138,43
9727,Male,53,131,66
9728,Male,49,32,68
9729,Female,63,110,34
9730,Female,69,142,1
9731,Female,53,50,23
9732,Female,45,84,6
9733,Male,31,109,16
9734,Female,53,148,2
9735,Male,23,58,76
9736,Female,26,58,27
9737,Female,38,41,19
9738,Female,29,114,28
9739,Female,47,66,35
9740,Male,48,39,68
9741,Female,57,88,49
9742,Female,21,53,7
9743,Male,48,127,37
9744,Male,44,17,25
9745,Female,42,129,41
9746,Male,22,36,81
9747,Male,23,18,62
9748,Male,22,28,41
9749,Female,68,28,14
9750,Male,44,30,54
9751,Female,25,78,2
9752,Female,26,30,88
9753,Female,32,66,79
9754,Female,53,33,48
9755,Male,58,83,51
9756,Female,24,107,97
9757,Male,49,19,55
9758,Female,25,56,12
9759,Male,64,31,83
9760,Female,68,125,69
9761,Male,32,86,1
9762,Female,54,118,59
9763,Female,36,108,73
9764,Male,56,24,34
9765,Female,23,30,93
9766,Female,36,56,46
9767,Female,45,17,59
9768,Male,34,135,66
9769,Female,59,38,19
9770,Female,36,33,28
9771,Male,48,89,99
9772,Male,28,54,40
9773,Male,32,60,57
9774,Male,27,54,51
9775,Male,60,76,22
9776,Female,40,32,68
9777,Female,20,96,8
9778,Female,20,122,60
9779,Male,35,26,65
9780,Female,42,118,36
9781,Male,60,148,71
9782,Male,37,102,89
9783,Female,46,129,29
9784,Male,39,47,65
9785,Male,67,132,56
9786,Female,32,94,82
9787,Male,56,26,4
9788,Male,27,109,84
9789,Female,38,67,72
9790,Male,69,27,91
9791,Male,46,136,50
9792,Female,49,116,39
9793,Female,27,145,35
9794,Female,30,72,25
9795,Female,64,18,78
9796,Male,40,80,44
9797,Male,67,129,47
9798,Female,40,50,40
9799,Male,48,37,31
9800,Male,21,33,69
9801,Female,69,54,81
9802,Female,66,86,74
9803,Male,20,72,43
9804,Female,38,121,55
9805,Female,19,32,16
9806,Female,21,50,68
9807,Male,18,143,69
9808,Female,32,15,42
9809,Male,50,78,41
9810,Male,23,76,50
9811,Male,24,124,84
9812,Female,36,89,6
9813,Female,61,30,75
9814,Female,18,31,53
9815,Female,56,38,17
9816,Female,36,112,57
9817,Male,62,144,67
9818,Male,43,28,16
9819,Male,61,126,52
9820,Female,29,80,100
9821,Male,39,96,90
9822,Male,30,107,88
9823,Female,45,86,34
9824,Female,31,115,84
9825,Male,39,63,81
9826,Male,47,104,20
9827,Female,61,51,80
9828,Female,37,84,56
9829,Female,61,47,51
9830,Female,44,42,53
9831,Male,55,102,49
9832,Male,59,18,4
9833,Female,69,80,18
9834,Male,58,91,36
9835,Male,51,124,35
9836,Female,56,63,30
9837,Male,58,142,63
9838,Male,61,49,82
9839,Male,54,88,21
9840,Female,18,83,52
9841,Female,32,48,96
9842,Male,49,138,69
9843,Female,25,125,41
9844,Female,50,46,54
9845,Female,35,30,87
9846,Male,62,82,30
9847,Male,46,68,91
9848,Female,49,138,56
9849,Male,50,126,79
9850,Male,22,74,41
9851,Male,35,92,14
9852,Male,65,90,21
9853,Male,27,74,98
9854,Female,53,99,90
9855,Male,50,126,25
9856,Male,40,94,50
9857,Male,57,132,95
9858,Female,22,16,53
9859,Female,51,37,48
9860,Female,41,60,70
9861,Male,34,87,48
9862,Female,48,68,4
9863,Female,24,85,24
9864,Female,34,139,31
9865,Female,45,95,83
9866,Male,55,23,75
9867,Female,39,84,29
9868,Female,32,98,5
9869,Male,54,88,82
9870,Male,32,87,67
9871,Female,67,26,75
9872,Male,67,46,85
9873,Female,42,97,94
9874,Male,38,47,83
9875,Male,55,78,53
9876,Female,19,62,89
9877,Male,44,30,64
9878,Female,66,128,35
9879,Male,49,40,12
9880,Female,38,68,47
9881,Male,21,51,90
9882,Male,61,23,55
9883,Male,36,27,69
9884,Male,19,74,83
9885,Male,43,120,91
9886,Female,51,140,38
9887,Male,31,94,29
9888,Female,32,142,12
9889,Female,37,144,19
9890,Female,51,74,9
9891,Male,53,129,82
9892,Female,36,57,29
9893,Male,26,138,3
9894,Female,24,61,87
9895,Female,47,77,30
9896,Female,30,149,58
9897,Female,44,108,88
9898,Female,61,137,53
9899,Male,52,45,4
9900,Female,30,69,57
9901,Female,32,44,54
9902,Male,63,50,28
9903,Male,26,64,16
9904,Male,62,43,13
9905,Female,40,131,72
9906,Female,53,50,56
9907,Female,57,35,53
9908,Female,20,52,48
9909,Female,51,89,25
9910,Female,36,140,66
9911,Male,45,51,30
9912,Male,40,134,3
9913,Female,57,132,23
9914,Female,66,15,29
9915,Female,62,69,41
9916,Female,24,73,94
9917,Female,58,65,11
9918,Male,29,121,21
9919,Male,31,22,91
9920,Female,63,108,24
9921,Male,32,111,95
9922,Female,20,21,94
9923,Female,32,32,65
9924,Female,68,26,1
9925,Male,41,16,54
9926,Male,69,107,72
9927,Female,63,21,34
9928,Male,25,26,80
9929,Male,22,98,91
9930,Female,68,71,68
9931,Male,21,92,83
9932,Male,31,88,29
9933,Female,33,37,3
9934,Female,37,44,11
9935,Male,41,125,8
9936,Female,23,72,62
9937,Male,48,109,33
9938,Female,23,66,8
9939,Female,52,70,25
9940,Female,32,24,88
9941,Female,46,122,26
9942,Male,20,101,26
9943,Female,28,98,17
9944,Female,20,18,91
9945,Female,45,111,29
9946,Male,27,126,43
9947,Male,67,81,73
9948,Female,50,107,78
9949,Female,65,109,5
9950,Female,33,55,50
9951,Female,27,16,94
9952,Female,50,36,56
9953,Female,53,55,63
9954,Male,20,109,57
9955,Female,22,130,92
9956,Female,29,134,45
9957,Female,61,28,37
9958,Female,30,107,72
9959,Female,41,49,79
9960,Female,61,23,92
9961,Male,49,132,36
9962,Male,33,110,33
9963,Male,49,73,6
9964,Male,62,70,76
9965,Male,54,24,71
9966,Male,53,39,45
9967,Female,38,25,92
9968,Female,64,115,7
9969,Female,29,23,65
9970,Female,68,149,24
9971,Female,38,85,45
9972,Female,68,97,61
9973,Male,38,34,19
9974,Female,60,128,32
9975,Male,23,103,30
9976,Male,26,19,65
9977,Female,18,126,32
9978,Female,29,69,57
9979,Female,31,103,20
9980,Female,23,29,85
9981,Female,18,18,83
9982,Female,39,92,94
9983,Female,51,134,92
9984,Male,28,127,96
9985,Female,20,35,30
9986,Female,59,80,87
9987,Male,23,121,91
9988,Female,23,126,59
9989,Female,37,131,90
9990,Male,38,142,62
9991,Female,19,116,67
9992,Female,43,92,31
9993,Female,48,51,66
9994,Female,43,20,54
9995,Female,49,96,10
9996,Female,27,100,38
9997,Male,40,96,83
9998,Female,23,65,31
9999,Female,40,80,29
10000,Male,45,110,25
